,Time,Round,Day,Venue,Result,GF,GA,Opponent,Gls,Sh,SoT,SoT%,G/Sh,G/SoT,Dist,FK,PK,PKatt,xG,npxG,npxG/Sh,G-xG,np:G-xG,Team
0,12:30 ,1,Sat,Away,W,3,0,Fulham,3,13,5,38.5,0.23,0.60,13.6,2,0,0,1.8,1.8,0.16,+1.2,+1.2,ARS
1,20:00 ,2,Sat,Home,W,2,1,West Ham,2,6,3,50.0,0.33,0.67,15.3,0,0,0,1.4,1.4,0.23,+0.6,+0.6,ARS
2,20:00 ,3,Mon,Away,L,1,3,Liverpool,1,4,3,75.0,0.25,0.33,15.3,0,0,0,1.2,1.2,0.30,-0.2,-0.2,ARS
3,14:00 ,4,Sun,Home,W,2,1,Sheffield Utd,2,6,5,83.3,0.33,0.40,16.7,0,0,0,0.4,0.4,0.06,+1.6,+1.6,ARS
4,17:30 ,5,Sat,Away,L,0,1,Manchester City,0,11,3,27.3,0.00,0.00,18.2,2,0,0,0.9,0.9,0.09,-0.9,-0.9,ARS
5,19:15 ,6,Sun,Home,L,0,1,Leicester City,0,12,4,33.3,0.00,0.00,13.2,1,0,0,0.9,0.9,0.08,-0.9,-0.9,ARS
6,16:30 ,7,Sun,Away,W,1,0,Manchester Utd,1,6,1,16.7,0.00,0.00,22.7,0,1,1,1.1,0.3,0.05,-0.1,-0.3,ARS
7,19:15 ,8,Sun,Home,L,0,3,Aston Villa,0,13,2,15.4,0.00,0.00,15.6,0,0,0,1.5,1.5,0.12,-1.5,-1.5,ARS
8,16:30 ,9,Sun,Away,D,0,0,Leeds United,0,9,2,22.2,0.00,0.00,18.5,2,0,0,0.9,0.9,0.10,-0.9,-0.9,ARS
9,19:15 ,10,Sun,Home,L,1,2,Wolves,1,13,2,15.4,0.08,0.50,14.8,2,0,0,1.2,1.2,0.09,-0.2,-0.2,ARS
10,16:30 ,11,Sun,Away,L,0,2,Tottenham,0,12,2,16.7,0.00,0.00,15.1,1,0,0,0.8,0.8,0.07,-0.8,-0.8,ARS
11,19:15 ,12,Sun,Home,L,0,1,Burnley,0,18,6,33.3,0.00,0.00,15.8,0,0,0,1.5,1.5,0.08,-1.5,-1.5,ARS
12,18:00 ,13,Wed,Home,D,1,1,Southampton,1,9,4,44.4,0.11,0.25,21.1,0,0,0,0.7,0.7,0.07,+0.3,+0.3,ARS
13,17:30 ,14,Sat,Away,L,1,2,Everton,1,13,2,15.4,0.00,0.00,17.7,1,1,1,1.4,0.6,0.05,-0.4,-0.6,ARS
14,17:30 ,15,Sat,Home,W,3,1,Chelsea,3,14,6,42.9,0.14,0.33,17.8,1,1,1,2.1,1.3,0.10,+0.9,+0.7,ARS
15,18:00 ,16,Tue,Away,W,1,0,Brighton,1,11,3,27.3,0.09,0.33,14.2,1,0,0,1.2,1.2,0.11,-0.2,-0.2,ARS
16,20:00 ,17,Sat,Away,W,4,0,West Brom,4,21,11,52.4,0.19,0.36,14.9,0,0,0,3.3,3.3,0.16,+0.7,+0.7,ARS
17,20:00 ,18,Thu,Home,D,0,0,Crystal Palace,0,12,4,33.3,0.00,0.00,18.7,0,0,0,0.6,0.6,0.05,-0.6,-0.6,ARS
18,20:00 ,19,Mon,Home,W,3,0,Newcastle Utd,3,20,6,30.0,0.15,0.50,15.8,1,0,0,2.8,2.8,0.14,+0.2,+0.2,ARS
19,20:15 ,20,Tue,Away,W,3,1,Southampton,3,9,4,44.4,0.33,0.75,15.7,0,0,0,2.0,2.0,0.22,+1.0,+1.0,ARS
20,17:30 ,21,Sat,Home,D,0,0,Manchester Utd,0,17,3,17.6,0.00,0.00,19.9,3,0,0,1.1,1.1,0.07,-1.1,-1.1,ARS
21,18:00 ,22,Tue,Away,L,1,2,Wolves,1,9,3,33.3,0.11,0.33,18.5,0,0,0,0.6,0.6,0.07,+0.4,+0.4,ARS
22,12:30 ,23,Sat,Away,L,0,1,Aston Villa,0,15,4,26.7,0.00,0.00,16.5,1,0,0,1.1,1.1,0.07,-1.1,-1.1,ARS
23,16:30 ,24,Sun,Home,W,4,2,Leeds United,4,12,4,33.3,0.25,0.75,18.0,0,1,1,2.4,1.6,0.14,+1.6,+1.4,ARS
24,16:30 ,25,Sun,Home,L,0,1,Manchester City,0,6,1,16.7,0.00,0.00,19.9,0,0,0,0.3,0.3,0.05,-0.3,-0.3,ARS
25,12:00 ,26,Sun,Away,W,3,1,Leicester City,3,11,3,27.3,0.18,0.67,19.6,0,1,1,2.2,1.5,0.14,+0.8,+0.5,ARS
26,12:30 ,27,Sat,Away,D,1,1,Burnley,1,15,2,13.3,0.07,0.50,14.8,0,0,0,2.3,2.3,0.16,-1.3,-1.3,ARS
27,16:30 ,28,Sun,Home,W,2,1,Tottenham,2,12,2,16.7,0.08,0.50,20.9,0,1,1,1.7,0.9,0.08,+0.3,+0.1,ARS
28,15:00 ,29,Sun,Away,D,3,3,West Ham,1,16,6,37.5,0.06,0.17,16.4,0,0,0,1.7,1.7,0.11,-0.7,-0.7,ARS
0,18:00 ,2,Mon,Home,W,1,0,Sheffield Utd,1,18,2,11.1,0.06,0.50,15.6,0,0,0,1.0,1.0,0.06,0.0,0.0,AVL
1,17:45 ,3,Mon,Away,W,3,0,Fulham,3,12,5,41.7,0.25,0.60,14.1,0,0,0,1.6,1.6,0.14,+1.4,+1.4,AVL
2,19:15 ,4,Sun,Home,W,7,2,Liverpool,7,18,11,61.1,0.39,0.64,16.4,0,0,0,3.9,3.9,0.22,+3.1,+3.1,AVL
3,19:15 ,5,Sun,Away,W,1,0,Leicester City,1,10,4,40.0,0.10,0.25,17.7,1,0,0,0.6,0.6,0.06,+0.4,+0.4,AVL
4,20:00 ,6,Fri,Home,L,0,3,Leeds United,0,12,3,25.0,0.00,0.00,18.2,0,0,0,1.2,1.2,0.10,-1.2,-1.2,AVL
5,12:00 ,7,Sun,Home,L,3,4,Southampton,3,18,9,50.0,0.11,0.22,15.5,1,1,1,1.8,1.1,0.06,+1.2,+0.9,AVL
6,19:15 ,8,Sun,Away,W,3,0,Arsenal,2,17,5,29.4,0.12,0.40,13.0,0,0,0,1.7,1.7,0.10,+0.3,+0.3,AVL
7,15:00 ,9,Sat,Home,L,1,2,Brighton,1,15,4,26.7,0.07,0.25,17.9,0,0,0,1.5,1.5,0.12,-0.5,-0.5,AVL
8,20:00 ,10,Mon,Away,L,1,2,West Ham,1,15,6,40.0,0.07,0.17,17.2,1,0,1,2.6,1.8,0.12,-1.6,-0.8,AVL
9,12:30 ,12,Sat,Away,W,1,0,Wolves,1,11,1,9.1,0.00,0.00,20.1,1,1,1,1.1,0.3,0.03,-0.1,-0.3,AVL
10,18:00 ,13,Thu,Home,D,0,0,Burnley,0,27,6,22.2,0.00,0.00,16.2,1,0,0,2.0,2.0,0.08,-2.0,-2.0,AVL
11,19:15 ,14,Sun,Away,W,3,0,West Brom,3,19,9,47.4,0.11,0.22,17.8,1,1,1,2.3,1.5,0.08,+0.7,+0.5,AVL
12,15:00 ,15,Sat,Home,W,3,0,Crystal Palace,3,21,10,47.6,0.14,0.30,11.7,0,0,0,3.5,3.5,0.18,-0.5,-0.5,AVL
13,17:30 ,16,Mon,Away,D,1,1,Chelsea,1,10,2,20.0,0.10,0.50,17.1,0,0,0,0.8,0.8,0.08,+0.2,+0.2,AVL
14,20:00 ,17,Fri,Away,L,1,2,Manchester Utd,1,15,5,33.3,0.07,0.20,13.8,1,0,0,1.6,1.6,0.10,-0.6,-0.6,AVL
15,18:00 ,1,Wed,Away,L,0,2,Manchester City,0,11,4,36.4,0.00,0.00,17.3,1,0,0,0.8,0.8,0.07,-0.8,-0.8,AVL
16,20:00 ,11,Sat,Home,W,2,0,Newcastle Utd,2,14,5,35.7,0.14,0.40,15.6,0,0,0,1.8,1.8,0.13,+0.2,+0.2,AVL
17,18:00 ,20,Wed,Away,L,2,3,Burnley,2,18,10,55.6,0.11,0.20,15.0,1,0,0,2.1,2.1,0.12,-0.1,-0.1,AVL
18,20:00 ,21,Sat,Away,W,1,0,Southampton,1,8,4,50.0,0.13,0.25,16.2,0,0,0,0.5,0.5,0.06,+0.5,+0.5,AVL
19,20:15 ,22,Wed,Home,L,1,3,West Ham,1,9,2,22.2,0.11,0.50,16.3,1,0,0,0.7,0.7,0.08,+0.3,+0.3,AVL
20,12:30 ,23,Sat,Home,W,1,0,Arsenal,1,12,8,66.7,0.08,0.13,16.4,0,0,0,1.1,1.1,0.10,-0.1,-0.1,AVL
21,20:00 ,24,Sat,Away,D,0,0,Brighton,0,4,1,25.0,0.00,0.00,22.9,0,0,0,0.1,0.1,0.04,-0.1,-0.1,AVL
22,14:05 ,25,Sun,Home,L,1,2,Leicester City,1,11,2,18.2,0.09,0.50,15.9,0,0,0,1.2,1.2,0.11,-0.2,-0.2,AVL
23,17:30 ,26,Sat,Away,W,1,0,Leeds United,1,9,4,44.4,0.11,0.25,15.1,0,0,0,0.9,0.9,0.10,+0.1,+0.1,AVL
24,18:00 ,29,Wed,Away,L,0,1,Sheffield Utd,0,16,4,25.0,0.00,0.00,15.4,1,0,0,1.6,1.6,0.10,-1.6,-1.6,AVL
25,17:30 ,27,Sat,Home,D,0,0,Wolves,0,9,1,11.1,0.00,0.00,16.2,0,0,0,0.6,0.6,0.07,-0.6,-0.6,AVL
26,20:00 ,28,Fri,Away,D,1,1,Newcastle Utd,0,15,5,33.3,0.00,0.00,19.3,0,0,0,0.7,0.7,0.05,-0.7,-0.7,AVL
27,19:30 ,18,Sun,Home,L,0,2,Tottenham,0,8,1,12.5,0.00,0.00,18.8,0,0,0,0.5,0.5,0.06,-0.5,-0.5,AVL
0,20:15 ,1,Mon,Home,L,1,3,Chelsea,1,13,3,23.1,0.08,0.33,17.2,0,0,0,1.4,1.4,0.11,-0.4,-0.4,BHA
1,14:00 ,2,Sun,Away,W,3,0,Newcastle Utd,3,12,5,41.7,0.17,0.40,21.0,0,1,1,1.6,0.8,0.07,+1.4,+1.2,BHA
2,12:30 ,3,Sat,Home,L,2,3,Manchester Utd,2,17,3,17.6,0.06,0.33,16.0,0,1,1,2.4,1.6,0.10,-0.4,-0.6,BHA
3,15:00 ,4,Sat,Away,L,2,4,Everton,2,11,3,27.3,0.18,0.67,18.2,1,0,0,1.2,1.2,0.11,+0.8,+0.8,BHA
4,14:00 ,5,Sun,Away,D,1,1,Crystal Palace,1,17,3,17.6,0.06,0.33,17.3,0,0,0,1.1,1.1,0.07,-0.1,-0.1,BHA
5,17:30 ,6,Mon,Home,D,1,1,West Brom,0,5,3,60.0,0.00,0.00,16.7,0,0,0,0.7,0.7,0.14,-0.7,-0.7,BHA
6,19:15 ,7,Sun,Away,L,1,2,Tottenham,1,6,2,33.3,0.17,0.50,16.1,0,0,0,0.4,0.4,0.06,+0.6,+0.6,BHA
7,17:30 ,8,Fri,Home,D,0,0,Burnley,0,19,3,15.8,0.00,0.00,15.9,1,0,0,1.3,1.3,0.07,-1.3,-1.3,BHA
8,15:00 ,9,Sat,Away,W,2,1,Aston Villa,2,7,3,42.9,0.29,0.67,13.2,0,0,0,1.3,1.3,0.19,+0.7,+0.7,BHA
9,12:30 ,10,Sat,Home,D,1,1,Liverpool,1,9,2,22.2,0.00,0.00,20.5,1,1,2,2.1,0.5,0.06,-1.1,-0.5,BHA
10,20:00 ,11,Mon,Home,L,1,2,Southampton,1,11,3,27.3,0.00,0.00,14.5,0,1,1,2.1,1.4,0.12,-1.1,-1.4,BHA
11,19:15 ,12,Sun,Away,L,0,3,Leicester City,0,12,4,33.3,0.00,0.00,18.8,0,0,0,1.1,1.1,0.09,-1.1,-1.1,BHA
12,20:00 ,13,Wed,Away,D,0,0,Fulham,0,9,3,33.3,0.00,0.00,17.6,0,0,0,0.6,0.6,0.07,-0.6,-0.6,BHA
13,12:00 ,14,Sun,Home,D,1,1,Sheffield Utd,1,21,4,19.0,0.05,0.25,13.5,0,0,0,2.6,2.6,0.12,-1.6,-1.6,BHA
14,14:15 ,15,Sun,Away,D,2,2,West Ham,2,13,4,30.8,0.15,0.50,16.3,0,0,0,1.2,1.2,0.09,+0.8,+0.8,BHA
15,18:00 ,16,Tue,Home,L,0,1,Arsenal,0,13,2,15.4,0.00,0.00,13.4,0,0,0,0.8,0.8,0.06,-0.8,-0.8,BHA
16,17:30 ,17,Sat,Home,D,3,3,Wolves,3,12,3,25.0,0.17,0.67,15.8,0,1,1,1.7,0.9,0.08,+1.3,+1.1,BHA
17,18:00 ,18,Wed,Away,L,0,1,Manchester City,0,5,1,20.0,0.00,0.00,20.4,0,0,0,0.2,0.2,0.04,-0.2,-0.2,BHA
18,15:00 ,19,Sat,Away,W,1,0,Leeds United,1,7,2,28.6,0.14,0.50,15.5,0,0,0,1.3,1.3,0.19,-0.3,-0.3,BHA
19,19:30 ,20,Wed,Home,D,0,0,Fulham,0,16,5,31.3,0.00,0.00,14.8,1,0,0,2.0,2.0,0.13,-2.0,-2.0,BHA
20,19:15 ,21,Sun,Home,W,1,0,Tottenham,1,16,2,12.5,0.06,0.50,14.6,0,0,0,1.9,1.9,0.12,-0.9,-0.9,BHA
21,20:15 ,22,Wed,Away,W,1,0,Liverpool,1,13,4,30.8,0.08,0.25,14.0,0,0,0,1.1,1.1,0.09,-0.1,-0.1,BHA
22,15:00 ,23,Sat,Away,D,1,1,Burnley,1,10,2,20.0,0.10,0.50,17.4,1,0,0,0.6,0.6,0.06,+0.4,+0.4,BHA
23,20:00 ,24,Sat,Home,D,0,0,Aston Villa,0,26,9,34.6,0.00,0.00,17.0,3,0,0,1.7,1.7,0.06,-1.7,-1.7,BHA
24,20:00 ,25,Mon,Home,L,1,2,Crystal Palace,1,24,5,20.8,0.04,0.20,13.8,0,0,0,2.6,2.6,0.12,-1.6,-1.6,BHA
25,15:00 ,26,Sat,Away,L,0,1,West Brom,0,13,6,46.2,0.00,0.00,18.1,1,0,2,2.6,1.1,0.09,-2.6,-1.1,BHA
26,20:00 ,27,Sat,Home,L,1,2,Leicester City,1,8,2,25.0,0.13,0.50,15.3,0,0,0,1.0,1.0,0.13,0.0,0.0,BHA
27,12:00 ,28,Sun,Away,W,2,1,Southampton,2,8,6,75.0,0.25,0.33,18.1,1,0,0,0.9,0.9,0.11,+1.1,+1.1,BHA
28,20:00 ,29,Sat,Home,W,3,0,Newcastle Utd,3,11,6,54.5,0.27,0.50,14.8,0,0,0,1.1,1.1,0.10,+1.9,+1.9,BHA
0,19:00 ,2,Sun,Away,L,2,4,Leicester City,2,17,5,29.4,0.12,0.40,16.9,1,0,0,1.9,1.9,0.11,+0.1,+0.1,BUR
1,20:00 ,3,Sat,Home,L,0,1,Southampton,0,10,2,20.0,0.00,0.00,17.6,1,0,0,0.5,0.5,0.05,-0.5,-0.5,BUR
2,20:00 ,4,Sat,Away,L,1,3,Newcastle Utd,1,10,3,30.0,0.10,0.33,13.0,0,0,0,0.6,0.6,0.06,+0.4,+0.4,BUR
3,17:30 ,5,Mon,Away,D,0,0,West Brom,0,9,4,44.4,0.00,0.00,14.1,1,0,0,1.1,1.1,0.13,-1.1,-1.1,BUR
4,20:00 ,6,Mon,Home,L,0,1,Tottenham,0,12,3,25.0,0.00,0.00,20.4,1,0,0,0.6,0.6,0.05,-0.6,-0.6,BUR
5,15:00 ,7,Sat,Home,L,0,3,Chelsea,0,5,0,0.0,0.00,,23.0,0,0,0,0.4,0.4,0.07,-0.4,-0.4,BUR
6,17:30 ,8,Fri,Away,D,0,0,Brighton,0,4,1,25.0,0.00,0.00,11.6,0,0,0,0.3,0.3,0.07,-0.3,-0.3,BUR
7,17:30 ,9,Mon,Home,W,1,0,Crystal Palace,1,10,5,50.0,0.10,0.20,16.7,0,0,0,1.6,1.6,0.17,-0.6,-0.6,BUR
8,15:00 ,10,Sat,Away,L,0,5,Manchester City,0,9,1,11.1,0.00,0.00,19.8,1,0,0,0.4,0.4,0.04,-0.4,-0.4,BUR
9,12:30 ,11,Sat,Home,D,1,1,Everton,1,8,3,37.5,0.13,0.33,17.2,0,0,0,0.8,0.8,0.10,+0.2,+0.2,BUR
10,19:15 ,12,Sun,Away,W,1,0,Arsenal,0,10,2,20.0,0.00,0.00,15.4,0,0,0,0.9,0.9,0.09,-0.9,-0.9,BUR
11,18:00 ,13,Thu,Away,D,0,0,Aston Villa,0,6,4,66.7,0.00,0.00,18.9,1,0,0,0.4,0.4,0.07,-0.4,-0.4,BUR
12,17:30 ,14,Mon,Home,W,2,1,Wolves,2,10,4,40.0,0.20,0.50,14.3,1,0,0,1.8,1.8,0.18,+0.2,+0.2,BUR
13,12:00 ,15,Sun,Away,L,0,1,Leeds United,0,14,6,42.9,0.00,0.00,15.6,0,0,0,1.1,1.1,0.08,-1.1,-1.1,BUR
14,18:00 ,16,Tue,Home,W,1,0,Sheffield Utd,1,5,3,60.0,0.20,0.33,10.6,1,0,0,0.8,0.8,0.16,+0.2,+0.2,BUR
15,20:15 ,1,Tue,Home,L,0,1,Manchester Utd,0,11,0,0.0,0.00,,19.0,0,0,0,0.9,0.9,0.08,-0.9,-0.9,BUR
16,15:00 ,19,Sat,Away,L,0,1,West Ham,0,10,2,20.0,0.00,0.00,21.8,1,0,0,0.5,0.5,0.05,-0.5,-0.5,BUR
17,20:00 ,18,Thu,Away,W,1,0,Liverpool,1,5,3,60.0,0.00,0.00,17.8,0,1,1,1.4,0.6,0.12,-0.4,-0.6,BUR
18,18:00 ,20,Wed,Home,W,3,2,Aston Villa,3,10,5,50.0,0.30,0.60,20.3,0,0,0,0.5,0.5,0.05,+2.5,+2.5,BUR
19,12:00 ,21,Sun,Away,L,0,2,Chelsea,0,1,0,0.0,0.00,,4.0,0,0,0,0.2,0.2,0.16,-0.2,-0.2,BUR
20,18:00 ,22,Wed,Home,L,0,2,Manchester City,0,2,0,0.0,0.00,,24.7,0,0,0,0.1,0.1,0.03,-0.1,-0.1,BUR
21,15:00 ,23,Sat,Home,D,1,1,Brighton,1,20,7,35.0,0.05,0.14,16.7,1,0,0,2.1,2.1,0.11,-1.1,-1.1,BUR
22,15:00 ,24,Sat,Away,W,3,0,Crystal Palace,3,16,4,25.0,0.19,0.75,17.5,0,0,0,1.3,1.3,0.08,+1.7,+1.7,BUR
23,18:00 ,17,Wed,Home,D,1,1,Fulham,1,8,3,37.5,0.13,0.33,12.6,0,0,0,1.4,1.4,0.18,-0.4,-0.4,BUR
24,15:00 ,25,Sat,Home,D,0,0,West Brom,0,6,1,16.7,0.00,0.00,16.4,1,0,0,0.4,0.4,0.07,-0.4,-0.4,BUR
25,14:00 ,26,Sun,Away,L,0,4,Tottenham,0,10,3,30.0,0.00,0.00,18.6,0,0,0,0.5,0.5,0.05,-0.5,-0.5,BUR
26,18:00 ,29,Wed,Home,D,1,1,Leicester City,1,12,7,58.3,0.08,0.14,17.6,1,0,0,1.5,1.5,0.13,-0.5,-0.5,BUR
27,12:30 ,27,Sat,Home,D,1,1,Arsenal,1,9,5,55.6,0.11,0.20,18.4,0,0,0,1.5,1.5,0.17,-0.5,-0.5,BUR
28,17:30 ,28,Sat,Away,W,2,1,Everton,2,14,5,35.7,0.14,0.40,17.2,1,0,0,1.4,1.4,0.10,+0.6,+0.6,BUR
0,20:15 ,1,Mon,Away,W,3,1,Brighton,3,9,4,44.4,0.22,0.50,19.8,0,1,1,1.2,0.4,0.04,+1.8,+1.6,CHE
1,16:30 ,2,Sun,Home,L,0,2,Liverpool,0,4,2,50.0,0.00,0.00,21.8,0,0,1,1.0,0.3,0.06,-1.0,-0.3,CHE
2,17:30 ,3,Sat,Away,D,3,3,West Brom,3,24,11,45.8,0.13,0.27,19.5,2,0,0,2.2,2.2,0.09,+0.8,+0.8,CHE
3,12:30 ,4,Sat,Home,W,4,0,Crystal Palace,4,15,4,26.7,0.13,0.50,15.5,0,2,2,2.5,1.0,0.07,+1.5,+1.0,CHE
4,15:00 ,5,Sat,Home,D,3,3,Southampton,3,12,5,41.7,0.25,0.60,10.9,0,0,0,2.0,2.0,0.17,+1.0,+1.0,CHE
5,17:30 ,6,Sat,Away,D,0,0,Manchester Utd,0,6,1,16.7,0.00,0.00,19.5,0,0,0,0.2,0.2,0.03,-0.2,-0.2,CHE
6,15:00 ,7,Sat,Away,W,3,0,Burnley,3,14,9,64.3,0.21,0.33,16.8,1,0,0,1.4,1.4,0.10,+1.6,+1.6,CHE
7,17:30 ,8,Sat,Home,W,4,1,Sheffield Utd,4,20,9,45.0,0.20,0.44,16.3,1,0,0,2.7,2.7,0.14,+1.3,+1.3,CHE
8,12:30 ,9,Sat,Away,W,2,0,Newcastle Utd,1,14,3,21.4,0.07,0.33,18.0,0,0,0,1.6,1.6,0.12,-0.6,-0.6,CHE
9,16:30 ,10,Sun,Home,D,0,0,Tottenham,0,13,3,23.1,0.00,0.00,16.8,0,0,0,1.0,1.0,0.08,-1.0,-1.0,CHE
10,20:00 ,11,Sat,Home,W,3,1,Leeds United,3,23,10,43.5,0.13,0.30,11.4,0,0,0,3.7,3.7,0.16,-0.7,-0.7,CHE
11,20:00 ,12,Sat,Away,L,0,1,Everton,0,10,3,30.0,0.00,0.00,18.8,2,0,0,0.9,0.9,0.09,-0.9,-0.9,CHE
12,18:00 ,13,Tue,Away,L,1,2,Wolves,1,13,3,23.1,0.08,0.33,17.4,1,0,0,1.3,1.3,0.10,-0.3,-0.3,CHE
13,20:00 ,14,Mon,Home,W,3,0,West Ham,3,11,7,63.6,0.27,0.43,13.1,0,0,0,2.1,2.1,0.20,+0.9,+0.9,CHE
14,17:30 ,15,Sat,Away,L,1,3,Arsenal,1,18,2,11.1,0.06,0.50,15.7,1,0,1,2.3,1.5,0.08,-1.3,-0.5,CHE
15,17:30 ,16,Mon,Home,D,1,1,Aston Villa,1,16,5,31.3,0.06,0.20,15.7,0,0,0,1.4,1.4,0.09,-0.4,-0.4,CHE
16,16:30 ,17,Sun,Home,L,1,3,Manchester City,1,9,2,22.2,0.11,0.50,16.6,0,0,0,0.8,0.8,0.08,+0.2,+0.2,CHE
17,17:30 ,19,Sat,Away,W,1,0,Fulham,1,21,6,28.6,0.05,0.17,17.1,0,0,0,1.5,1.5,0.07,-0.5,-0.5,CHE
18,20:15 ,18,Tue,Away,L,0,2,Leicester City,0,9,5,55.6,0.00,0.00,11.8,1,0,0,0.8,0.8,0.09,-0.8,-0.8,CHE
19,18:00 ,20,Wed,Home,D,0,0,Wolves,0,15,5,33.3,0.00,0.00,16.2,0,0,0,0.8,0.8,0.06,-0.8,-0.8,CHE
20,12:00 ,21,Sun,Home,W,2,0,Burnley,2,19,8,42.1,0.11,0.25,16.1,0,0,0,1.3,1.3,0.07,+0.7,+0.7,CHE
21,20:00 ,22,Thu,Away,W,1,0,Tottenham,1,18,1,5.6,0.00,0.00,17.6,0,1,1,2.2,1.4,0.08,-1.2,-1.4,CHE
22,19:15 ,23,Sun,Away,W,2,1,Sheffield Utd,2,8,1,12.5,0.13,1.00,19.4,0,1,1,1.4,0.7,0.08,+0.6,+0.3,CHE
23,20:00 ,24,Mon,Home,W,2,0,Newcastle Utd,2,18,5,27.8,0.11,0.40,13.2,0,0,0,2.0,2.0,0.11,0.0,0.0,CHE
24,12:30 ,25,Sat,Away,D,1,1,Southampton,1,8,2,25.0,0.00,0.00,19.9,1,1,1,1.2,0.5,0.06,-0.2,-0.5,CHE
25,16:30 ,26,Sun,Home,D,0,0,Manchester Utd,0,18,6,33.3,0.00,0.00,20.3,0,0,0,1.1,1.1,0.06,-1.1,-1.1,CHE
26,20:15 ,29,Thu,Away,W,1,0,Liverpool,1,12,5,41.7,0.08,0.20,17.7,0,0,0,1.1,1.1,0.10,-0.1,-0.1,CHE
27,18:00 ,27,Mon,Home,W,2,0,Everton,1,18,8,44.4,0.00,0.00,19.3,1,1,1,2.9,2.2,0.13,-1.9,-2.2,CHE
28,12:30 ,28,Sat,Away,D,0,0,Leeds United,0,15,8,53.3,0.00,0.00,17.2,0,0,0,1.4,1.4,0.09,-1.4,-1.4,CHE
0,15:00 ,1,Sat,Home,W,1,0,Southampton,1,6,3,50.0,0.17,0.33,10.1,0,0,0,0.7,0.7,0.11,+0.3,+0.3,CPA
1,17:30 ,2,Sat,Away,W,3,1,Manchester Utd,3,13,4,30.8,0.15,0.50,18.4,0,1,1,1.6,0.9,0.07,+1.4,+1.1,CPA
2,15:00 ,3,Sat,Home,L,1,2,Everton,1,8,1,12.5,0.13,1.00,16.5,0,0,0,0.4,0.4,0.05,+0.6,+0.6,CPA
3,12:30 ,4,Sat,Away,L,0,4,Chelsea,0,4,0,0.0,0.00,,21.5,0,0,0,0.1,0.1,0.03,-0.1,-0.1,CPA
4,14:00 ,5,Sun,Home,D,1,1,Brighton,1,0,0,,,,,0,1,1,0.8,0.0,,+0.2,0.0,CPA
5,15:00 ,6,Sat,Away,W,2,1,Fulham,2,14,10,71.4,0.14,0.20,11.7,1,0,0,2.6,2.6,0.19,-0.6,-0.6,CPA
6,20:00 ,7,Fri,Away,L,0,2,Wolves,0,11,2,18.2,0.00,0.00,19.1,2,0,0,0.6,0.6,0.06,-0.6,-0.6,CPA
7,15:00 ,8,Sat,Home,W,4,1,Leeds United,3,10,6,60.0,0.30,0.50,16.7,1,0,0,0.9,0.9,0.09,+2.1,+2.1,CPA
8,17:30 ,9,Mon,Away,L,0,1,Burnley,0,15,5,33.3,0.00,0.00,18.7,0,0,0,1.4,1.4,0.09,-1.4,-1.4,CPA
9,20:00 ,10,Fri,Home,L,0,2,Newcastle Utd,0,12,3,25.0,0.00,0.00,15.3,1,0,0,1.0,1.0,0.08,-1.0,-1.0,CPA
10,12:00 ,11,Sun,Away,W,5,1,West Brom,4,18,7,38.9,0.22,0.57,15.4,0,0,0,1.8,1.8,0.10,+2.2,+2.2,CPA
11,14:15 ,12,Sun,Home,D,1,1,Tottenham,1,16,5,31.3,0.06,0.20,15.2,2,0,0,1.2,1.2,0.07,-0.2,-0.2,CPA
12,20:00 ,13,Wed,Away,D,1,1,West Ham,1,8,3,37.5,0.13,0.33,12.8,0,0,0,0.9,0.9,0.11,+0.1,+0.1,CPA
13,12:30 ,14,Sat,Home,L,0,7,Liverpool,0,5,3,60.0,0.00,0.00,21.9,0,0,0,0.3,0.3,0.05,-0.3,-0.3,CPA
14,15:00 ,15,Sat,Away,L,0,3,Aston Villa,0,13,6,46.2,0.00,0.00,18.4,2,0,0,1.1,1.1,0.08,-1.1,-1.1,CPA
15,15:00 ,16,Mon,Home,D,1,1,Leicester City,1,4,1,25.0,0.25,1.00,9.9,0,0,0,0.5,0.5,0.12,+0.5,+0.5,CPA
16,15:00 ,17,Sat,Home,W,2,0,Sheffield Utd,2,9,4,44.4,0.22,0.50,17.1,0,0,0,0.6,0.6,0.07,+1.4,+1.4,CPA
17,20:00 ,18,Thu,Away,D,0,0,Arsenal,0,13,3,23.1,0.00,0.00,15.0,1,0,0,0.9,0.9,0.07,-0.9,-0.9,CPA
18,19:15 ,19,Sun,Away,L,0,4,Manchester City,0,2,0,0.0,0.00,,31.4,0,0,0,0.0,0.0,0.02,0.0,0.0,CPA
19,18:00 ,20,Tue,Home,L,2,3,West Ham,2,6,3,50.0,0.33,0.67,20.1,0,0,0,0.5,0.5,0.08,+1.5,+1.5,CPA
20,15:00 ,21,Sat,Home,W,1,0,Wolves,1,11,2,18.2,0.09,0.50,20.5,2,0,0,0.8,0.8,0.07,+0.2,+0.2,CPA
21,20:15 ,22,Tue,Away,W,2,1,Newcastle Utd,2,6,3,50.0,0.33,0.67,17.7,0,0,0,0.9,0.9,0.15,+1.1,+1.1,CPA
22,20:00 ,23,Mon,Away,L,0,2,Leeds United,0,8,3,37.5,0.00,0.00,18.4,0,0,0,0.5,0.5,0.07,-0.5,-0.5,CPA
23,15:00 ,24,Sat,Home,L,0,3,Burnley,0,13,3,23.1,0.00,0.00,18.1,0,0,0,0.6,0.6,0.05,-0.6,-0.6,CPA
24,20:00 ,25,Mon,Away,W,2,1,Brighton,2,3,2,66.7,0.67,1.00,14.0,0,0,0,0.2,0.2,0.06,+1.8,+1.8,CPA
25,12:00 ,26,Sun,Home,D,0,0,Fulham,0,3,0,0.0,0.00,,14.4,0,0,0,0.1,0.1,0.02,-0.1,-0.1,CPA
26,20:15 ,29,Wed,Home,D,0,0,Manchester Utd,0,8,2,25.0,0.00,0.00,16.7,1,0,0,0.8,0.8,0.10,-0.8,-0.8,CPA
27,19:15 ,27,Sun,Away,L,1,4,Tottenham,1,5,1,20.0,0.20,1.00,13.2,0,0,0,0.3,0.3,0.06,+0.7,+0.7,CPA
28,15:00 ,28,Sat,Home,W,1,0,West Brom,1,4,3,75.0,0.00,0.00,22.1,0,1,1,1.3,0.5,0.13,-0.3,-0.5,CPA
0,16:30 ,1,Sun,Away,W,1,0,Tottenham,1,15,5,33.3,0.07,0.20,17.9,0,0,0,1.4,1.4,0.10,-0.4,-0.4,EVE
1,12:30 ,2,Sat,Home,W,5,2,West Brom,5,16,7,43.8,0.31,0.71,11.3,1,0,0,3.4,3.4,0.22,+1.6,+1.6,EVE
2,15:00 ,3,Sat,Away,W,2,1,Crystal Palace,2,9,4,44.4,0.11,0.25,16.6,1,1,1,2.0,1.3,0.14,0.0,-0.3,EVE
3,15:00 ,4,Sat,Home,W,4,2,Brighton,4,11,6,54.5,0.36,0.67,16.3,0,0,0,1.8,1.8,0.16,+2.2,+2.2,EVE
4,12:30 ,5,Sat,Home,D,2,2,Liverpool,2,11,5,45.5,0.18,0.40,15.5,0,0,0,1.3,1.3,0.12,+0.7,+0.7,EVE
5,14:00 ,6,Sun,Away,L,0,2,Southampton,0,6,2,33.3,0.00,0.00,19.5,1,0,0,0.4,0.4,0.06,-0.4,-0.4,EVE
6,14:00 ,7,Sun,Away,L,1,2,Newcastle Utd,1,15,4,26.7,0.07,0.25,18.0,0,0,0,1.2,1.2,0.08,-0.2,-0.2,EVE
7,12:30 ,8,Sat,Home,L,1,3,Manchester Utd,1,7,1,14.3,0.14,1.00,15.0,0,0,0,0.6,0.6,0.09,+0.4,+0.4,EVE
8,12:00 ,9,Sun,Away,W,3,2,Fulham,3,9,7,77.8,0.33,0.43,15.1,0,0,0,1.6,1.6,0.17,+1.4,+1.4,EVE
9,17:30 ,10,Sat,Home,L,0,1,Leeds United,0,17,9,52.9,0.00,0.00,16.1,0,0,0,1.6,1.6,0.09,-1.6,-1.6,EVE
10,12:30 ,11,Sat,Away,D,1,1,Burnley,1,13,6,46.2,0.08,0.17,17.8,0,0,0,1.7,1.7,0.13,-0.7,-0.7,EVE
11,20:00 ,12,Sat,Home,W,1,0,Chelsea,1,8,3,37.5,0.00,0.00,16.9,1,1,1,1.3,0.5,0.07,-0.3,-0.5,EVE
12,18:00 ,13,Wed,Away,W,2,0,Leicester City,2,11,6,54.5,0.18,0.33,11.7,0,0,0,1.2,1.2,0.13,+0.8,+0.8,EVE
13,17:30 ,14,Sat,Home,W,2,1,Arsenal,1,9,2,22.2,0.11,0.50,18.1,1,0,0,0.8,0.8,0.09,+0.2,+0.2,EVE
14,20:00 ,15,Sat,Away,W,1,0,Sheffield Utd,1,7,3,42.9,0.14,0.33,20.1,0,0,0,0.7,0.7,0.10,+0.3,+0.3,EVE
15,17:30 ,17,Fri,Home,L,0,1,West Ham,0,10,2,20.0,0.00,0.00,20.5,0,0,0,0.3,0.3,0.03,-0.3,-0.3,EVE
16,20:15 ,18,Tue,Away,W,2,1,Wolves,2,5,3,60.0,0.40,0.67,12.4,0,0,0,0.6,0.6,0.11,+1.4,+1.4,EVE
17,20:15 ,20,Wed,Home,D,1,1,Leicester City,1,8,2,25.0,0.13,0.50,14.0,0,0,0,0.6,0.6,0.07,+0.4,+0.4,EVE
18,12:30 ,21,Sat,Home,L,0,2,Newcastle Utd,0,11,3,27.3,0.00,0.00,16.6,0,0,0,1.0,1.0,0.09,-1.0,-1.0,EVE
19,19:30 ,22,Wed,Away,W,2,1,Leeds United,2,10,6,60.0,0.20,0.33,15.0,0,0,0,1.8,1.8,0.19,+0.2,+0.2,EVE
20,20:00 ,23,Sat,Away,D,3,3,Manchester Utd,3,6,3,50.0,0.50,1.00,13.9,0,0,0,1.1,1.1,0.19,+1.9,+1.9,EVE
21,19:00 ,24,Sun,Home,L,0,2,Fulham,0,7,2,28.6,0.00,0.00,16.6,0,0,0,0.4,0.4,0.06,-0.4,-0.4,EVE
22,20:15 ,16,Wed,Home,L,1,3,Manchester City,1,3,1,33.3,0.33,1.00,9.4,0,0,0,1.0,1.0,0.37,0.0,0.0,EVE
23,17:30 ,25,Sat,Away,W,2,0,Liverpool,2,8,5,62.5,0.13,0.20,22.4,1,1,1,1.5,0.9,0.11,+0.5,+0.1,EVE
24,20:00 ,26,Mon,Home,W,1,0,Southampton,1,7,1,14.3,0.14,1.00,12.3,1,0,0,1.5,1.5,0.22,-0.5,-0.5,EVE
25,18:00 ,29,Thu,Away,W,1,0,West Brom,1,11,3,27.3,0.09,0.33,19.6,0,0,0,1.1,1.1,0.10,-0.1,-0.1,EVE
26,18:00 ,27,Mon,Away,L,0,2,Chelsea,0,7,1,14.3,0.00,0.00,21.7,1,0,0,0.3,0.3,0.05,-0.3,-0.3,EVE
27,17:30 ,28,Sat,Home,L,1,2,Burnley,1,14,4,28.6,0.07,0.25,15.0,0,0,0,1.6,1.6,0.11,-0.6,-0.6,EVE
0,12:30 ,1,Sat,Home,L,0,3,Arsenal,0,5,2,40.0,0.00,0.00,26.0,0,0,0,0.2,0.2,0.04,-0.2,-0.2,FUL
1,15:00 ,2,Sat,Away,L,3,4,Leeds United,3,13,5,38.5,0.15,0.40,20.9,1,1,1,1.8,1.0,0.08,+1.2,+1.0,FUL
2,17:45 ,3,Mon,Home,L,0,3,Aston Villa,0,16,2,12.5,0.00,0.00,16.1,0,0,0,0.7,0.7,0.04,-0.7,-0.7,FUL
3,14:00 ,4,Sun,Away,L,0,1,Wolves,0,10,2,20.0,0.00,0.00,17.5,1,0,0,0.7,0.7,0.07,-0.7,-0.7,FUL
4,12:00 ,5,Sun,Away,D,1,1,Sheffield Utd,1,14,6,42.9,0.07,0.17,16.6,0,0,1,1.7,1.0,0.07,-0.7,0.0,FUL
5,15:00 ,6,Sat,Home,L,1,2,Crystal Palace,1,16,3,18.8,0.06,0.33,18.2,0,0,0,1.1,1.1,0.07,-0.1,-0.1,FUL
6,17:30 ,7,Mon,Home,W,2,0,West Brom,2,13,4,30.8,0.15,0.50,17.8,0,0,0,1.5,1.5,0.12,+0.5,+0.5,FUL
7,20:00 ,8,Sat,Away,L,0,1,West Ham,0,12,2,16.7,0.00,0.00,19.7,1,0,1,1.6,0.9,0.07,-1.6,-0.9,FUL
8,12:00 ,9,Sun,Home,L,2,3,Everton,2,13,6,46.2,0.15,0.33,18.9,0,0,1,1.3,1.3,0.10,+0.7,+0.7,FUL
9,17:30 ,10,Mon,Away,W,2,1,Leicester City,2,9,4,44.4,0.11,0.25,20.4,1,1,1,1.8,1.1,0.12,+0.2,-0.1,FUL
10,15:00 ,11,Sat,Away,L,0,2,Manchester City,0,6,1,16.7,0.00,0.00,19.7,0,0,0,0.2,0.2,0.03,-0.2,-0.2,FUL
11,16:30 ,12,Sun,Home,D,1,1,Liverpool,1,10,5,50.0,0.10,0.20,16.6,0,0,0,1.5,1.5,0.15,-0.5,-0.5,FUL
12,20:00 ,13,Wed,Home,D,0,0,Brighton,0,9,4,44.4,0.00,0.00,14.4,0,0,0,0.8,0.8,0.09,-0.8,-0.8,FUL
13,20:00 ,14,Sat,Away,D,1,1,Newcastle Utd,0,13,3,23.1,0.00,0.00,16.4,1,0,0,0.7,0.7,0.06,-0.7,-0.7,FUL
14,15:00 ,15,Sat,Home,D,0,0,Southampton,0,10,1,10.0,0.00,0.00,16.3,0,0,0,0.9,0.9,0.09,-0.9,-0.9,FUL
15,20:15 ,16,Wed,Away,D,1,1,Tottenham,1,15,4,26.7,0.07,0.25,16.6,1,0,0,0.9,0.9,0.06,+0.1,+0.1,FUL
16,17:30 ,19,Sat,Home,L,0,1,Chelsea,0,10,2,20.0,0.00,0.00,21.2,1,0,0,0.8,0.8,0.08,-0.8,-0.8,FUL
17,20:15 ,18,Wed,Home,L,1,2,Manchester Utd,1,12,5,41.7,0.08,0.20,17.5,0,0,0,0.9,0.9,0.07,+0.1,+0.1,FUL
18,19:30 ,20,Wed,Away,D,0,0,Brighton,0,10,2,20.0,0.00,0.00,16.0,0,0,0,1.0,1.0,0.10,-1.0,-1.0,FUL
19,15:00 ,21,Sat,Away,D,2,2,West Brom,2,12,7,58.3,0.17,0.29,16.7,0,0,0,1.8,1.8,0.15,+0.2,+0.2,FUL
20,18:00 ,22,Wed,Home,L,0,2,Leicester City,0,8,1,12.5,0.00,0.00,16.7,0,0,0,0.7,0.7,0.09,-0.7,-0.7,FUL
21,17:30 ,23,Sat,Home,D,0,0,West Ham,0,20,2,10.0,0.00,0.00,15.7,2,0,0,1.4,1.4,0.07,-1.4,-1.4,FUL
22,19:00 ,24,Sun,Away,W,2,0,Everton,2,12,3,25.0,0.17,0.67,15.7,0,0,0,2.7,2.7,0.23,-0.7,-0.7,FUL
23,18:00 ,17,Wed,Away,D,1,1,Burnley,1,8,3,37.5,0.13,0.33,15.2,0,0,0,0.5,0.5,0.06,+0.5,+0.5,FUL
24,20:00 ,25,Sat,Home,W,1,0,Sheffield Utd,1,16,6,37.5,0.06,0.17,19.2,0,0,0,1.0,1.0,0.07,0.0,0.0,FUL
25,12:00 ,26,Sun,Away,D,0,0,Crystal Palace,0,17,5,29.4,0.00,0.00,18.4,1,0,0,1.0,1.0,0.06,-1.0,-1.0,FUL
26,18:00 ,33,Thu,Home,L,0,1,Tottenham,0,11,3,27.3,0.00,0.00,15.7,0,0,0,0.8,0.8,0.07,-0.8,-0.8,FUL
27,14:00 ,27,Sun,Away,W,1,0,Liverpool,1,10,3,30.0,0.10,0.33,12.6,0,0,0,1.2,1.2,0.12,-0.2,-0.2,FUL
28,20:00 ,28,Sat,Home,L,0,3,Manchester City,0,4,0,0.0,0.00,,14.0,0,0,0,0.3,0.3,0.07,-0.3,-0.3,FUL
29,20:00 ,29,Fri,Home,L,1,2,Leeds United,1,13,4,30.8,0.08,0.25,11.8,0,0,0,1.5,1.5,0.12,-0.5,-0.5,FUL
0,17:30 ,1,Sat,Away,L,3,4,Liverpool,3,6,3,50.0,0.50,1.00,17.5,1,0,0,0.6,0.6,0.09,+2.4,+2.4,LEE
1,15:00 ,2,Sat,Home,W,4,3,Fulham,4,9,6,66.7,0.33,0.50,16.1,1,1,1,1.7,1.0,0.11,+2.3,+2.0,LEE
2,12:00 ,3,Sun,Away,W,1,0,Sheffield Utd,1,18,9,50.0,0.06,0.11,18.1,0,0,0,1.6,1.6,0.09,-0.6,-0.6,LEE
3,17:30 ,4,Sat,Home,D,1,1,Manchester City,1,12,7,58.3,0.08,0.14,11.6,0,0,0,1.7,1.7,0.14,-0.7,-0.7,LEE
4,20:00 ,5,Mon,Home,L,0,1,Wolves,0,13,2,15.4,0.00,0.00,12.0,0,0,0,1.6,1.6,0.12,-1.6,-1.6,LEE
5,20:00 ,6,Fri,Away,W,3,0,Aston Villa,3,28,9,32.1,0.11,0.33,16.3,1,0,0,3.6,3.6,0.13,-0.6,-0.6,LEE
6,20:00 ,7,Mon,Home,L,1,4,Leicester City,1,11,5,45.5,0.09,0.20,17.9,0,0,0,1.0,1.0,0.09,0.0,0.0,LEE
7,15:00 ,8,Sat,Away,L,1,4,Crystal Palace,1,9,3,33.3,0.11,0.33,17.4,1,0,0,0.8,0.8,0.09,+0.2,+0.2,LEE
8,16:30 ,9,Sun,Home,D,0,0,Arsenal,0,25,4,16.0,0.00,0.00,17.0,0,0,0,2.5,2.5,0.10,-2.5,-2.5,LEE
9,17:30 ,10,Sat,Away,W,1,0,Everton,1,22,6,27.3,0.05,0.17,16.7,0,0,0,2.9,2.9,0.14,-1.9,-1.9,LEE
10,20:00 ,11,Sat,Away,L,1,3,Chelsea,1,9,3,33.3,0.11,0.33,15.5,0,0,0,1.3,1.3,0.14,-0.3,-0.3,LEE
11,20:00 ,12,Fri,Home,L,1,2,West Ham,1,12,6,50.0,0.00,0.00,15.9,0,1,1,1.8,1.1,0.09,-0.8,-1.1,LEE
12,18:00 ,13,Wed,Home,W,5,2,Newcastle Utd,5,25,9,36.0,0.20,0.56,15.7,0,0,0,2.8,2.8,0.11,+2.2,+2.2,LEE
13,16:30 ,14,Sun,Away,L,2,6,Manchester Utd,2,18,5,27.8,0.11,0.40,14.0,0,0,0,1.7,1.7,0.10,+0.3,+0.3,LEE
14,12:00 ,15,Sun,Home,W,1,0,Burnley,1,10,3,30.0,0.00,0.00,20.1,0,1,1,1.8,1.1,0.11,-0.8,-1.1,LEE
15,18:00 ,16,Tue,Away,W,5,0,West Brom,4,14,6,42.9,0.29,0.67,18.2,0,0,0,0.9,0.9,0.06,+3.1,+3.1,LEE
16,12:30 ,17,Sat,Away,L,0,3,Tottenham,0,18,5,27.8,0.00,0.00,17.7,0,0,0,1.0,1.0,0.06,-1.0,-1.0,LEE
17,15:00 ,19,Sat,Home,L,0,1,Brighton,0,7,2,28.6,0.00,0.00,17.3,0,0,0,0.3,0.3,0.04,-0.3,-0.3,LEE
18,18:00 ,20,Tue,Away,W,2,1,Newcastle Utd,2,9,2,22.2,0.22,1.00,13.7,0,0,0,0.9,0.9,0.11,+1.1,+1.1,LEE
19,14:00 ,21,Sun,Away,W,3,1,Leicester City,3,8,6,75.0,0.38,0.50,13.4,0,0,0,1.8,1.8,0.22,+1.2,+1.2,LEE
20,19:30 ,22,Wed,Home,L,1,2,Everton,1,16,7,43.8,0.06,0.14,14.2,0,0,0,0.9,0.9,0.06,+0.1,+0.1,LEE
21,20:00 ,23,Mon,Home,W,2,0,Crystal Palace,2,17,7,41.2,0.12,0.29,13.4,1,0,0,2.8,2.8,0.17,-0.8,-0.8,LEE
22,16:30 ,24,Sun,Away,L,2,4,Arsenal,2,9,5,55.6,0.22,0.40,16.7,0,0,0,0.7,0.7,0.07,+1.3,+1.3,LEE
23,20:00 ,25,Fri,Away,L,0,1,Wolves,0,18,8,44.4,0.00,0.00,13.5,0,0,0,1.3,1.3,0.07,-1.3,-1.3,LEE
24,18:00 ,18,Tue,Home,W,3,0,Southampton,3,11,7,63.6,0.27,0.43,15.3,1,0,0,1.3,1.3,0.12,+1.7,+1.7,LEE
25,17:30 ,26,Sat,Home,L,0,1,Aston Villa,0,14,3,21.4,0.00,0.00,18.7,0,0,0,0.7,0.7,0.05,-0.7,-0.7,LEE
26,20:00 ,27,Mon,Away,L,0,2,West Ham,0,17,2,11.8,0.00,0.00,17.4,0,0,0,1.7,1.7,0.10,-1.7,-1.7,LEE
27,12:30 ,28,Sat,Home,D,0,0,Chelsea,0,7,4,57.1,0.00,0.00,15.5,0,0,0,0.4,0.4,0.06,-0.4,-0.4,LEE
28,20:00 ,29,Fri,Away,W,2,1,Fulham,2,14,4,28.6,0.14,0.50,16.2,1,0,0,1.5,1.5,0.11,+0.5,+0.5,LEE
0,14:00 ,1,Sun,Away,W,3,0,West Brom,3,11,5,45.5,0.09,0.20,19.2,1,2,2,2.2,0.7,0.06,+0.8,+0.3,LEI
1,19:00 ,2,Sun,Home,W,4,2,Burnley,3,12,6,50.0,0.25,0.50,15.9,0,0,0,1.4,1.4,0.12,+1.6,+1.6,LEI
2,16:30 ,3,Sun,Away,W,5,2,Manchester City,5,4,4,100.0,0.50,0.50,27.5,0,3,3,2.6,0.3,0.07,+2.4,+1.7,LEI
3,12:00 ,4,Sun,Home,L,0,3,West Ham,0,4,0,0.0,0.00,,17.5,0,0,0,0.4,0.4,0.11,-0.4,-0.4,LEI
4,19:15 ,5,Sun,Home,L,0,1,Aston Villa,0,11,5,45.5,0.00,0.00,18.9,2,0,0,0.5,0.5,0.05,-0.5,-0.5,LEI
5,19:15 ,6,Sun,Away,W,1,0,Arsenal,1,6,3,50.0,0.17,0.33,30.2,1,0,0,1.2,1.2,0.19,-0.2,-0.2,LEI
6,20:00 ,7,Mon,Away,W,4,1,Leeds United,4,9,7,77.8,0.33,0.43,14.4,0,1,1,3.5,2.7,0.32,+0.5,+0.3,LEI
7,14:00 ,8,Sun,Home,W,1,0,Wolves,1,8,1,12.5,0.00,0.00,22.0,0,1,2,1.9,0.4,0.05,-0.9,-0.4,LEI
8,19:15 ,9,Sun,Away,L,0,3,Liverpool,0,11,4,36.4,0.00,0.00,15.5,0,0,0,1.3,1.3,0.13,-1.3,-1.3,LEI
9,17:30 ,10,Mon,Home,L,1,2,Fulham,1,17,4,23.5,0.06,0.25,18.1,1,0,0,0.9,0.9,0.05,+0.1,+0.1,LEI
10,14:15 ,11,Sun,Away,W,2,1,Sheffield Utd,2,13,4,30.8,0.15,0.50,19.0,1,0,0,1.5,1.5,0.12,+0.5,+0.5,LEI
11,19:15 ,12,Sun,Home,W,3,0,Brighton,3,16,6,37.5,0.19,0.50,16.3,0,0,0,1.7,1.7,0.11,+1.3,+1.3,LEI
12,18:00 ,13,Wed,Home,L,0,2,Everton,0,14,2,14.3,0.00,0.00,18.5,0,0,0,0.7,0.7,0.05,-0.7,-0.7,LEI
13,14:15 ,14,Sun,Away,W,2,0,Tottenham,1,16,3,18.8,0.00,0.00,18.2,0,1,1,1.5,0.8,0.05,-0.5,-0.8,LEI
14,12:30 ,15,Sat,Home,D,2,2,Manchester Utd,1,10,1,10.0,0.10,1.00,16.6,1,0,0,1.2,1.2,0.12,-0.2,-0.2,LEI
15,15:00 ,16,Mon,Away,D,1,1,Crystal Palace,1,16,2,12.5,0.06,0.50,19.8,2,0,1,1.8,1.0,0.06,-0.8,0.0,LEI
16,14:15 ,17,Sun,Away,W,2,1,Newcastle Utd,2,9,3,33.3,0.22,0.67,18.8,0,0,0,0.9,0.9,0.09,+1.1,+1.1,LEI
17,20:00 ,19,Sat,Home,W,2,0,Southampton,2,16,4,25.0,0.13,0.50,14.0,0,0,0,2.1,2.1,0.13,-0.1,-0.1,LEI
18,20:15 ,18,Tue,Home,W,2,0,Chelsea,2,8,6,75.0,0.25,0.33,17.1,0,0,0,1.2,1.2,0.15,+0.8,+0.8,LEI
19,20:15 ,20,Wed,Away,D,1,1,Everton,1,19,6,31.6,0.05,0.17,19.9,2,0,0,1.1,1.1,0.06,-0.1,-0.1,LEI
20,14:00 ,21,Sun,Home,L,1,3,Leeds United,1,18,8,44.4,0.06,0.13,18.6,1,0,0,1.9,1.9,0.11,-0.9,-0.9,LEI
21,18:00 ,22,Wed,Away,W,2,0,Fulham,2,9,5,55.6,0.22,0.40,15.2,0,0,0,1.1,1.1,0.12,+0.9,+0.9,LEI
22,14:00 ,23,Sun,Away,D,0,0,Wolves,0,13,3,23.1,0.00,0.00,18.7,1,0,0,0.7,0.7,0.06,-0.7,-0.7,LEI
23,12:30 ,24,Sat,Home,W,3,1,Liverpool,3,11,6,54.5,0.27,0.50,18.4,1,0,0,2.6,2.6,0.24,+0.4,+0.4,LEI
24,14:05 ,25,Sun,Away,W,2,1,Aston Villa,2,16,7,43.8,0.13,0.29,19.8,1,0,0,1.2,1.2,0.08,+0.8,+0.8,LEI
25,12:00 ,26,Sun,Home,L,1,3,Arsenal,1,8,3,37.5,0.13,0.33,17.5,0,0,0,0.5,0.5,0.06,+0.5,+0.5,LEI
26,18:00 ,29,Wed,Away,D,1,1,Burnley,1,16,4,25.0,0.06,0.25,18.9,0,0,0,1.3,1.3,0.08,-0.3,-0.3,LEI
27,20:00 ,27,Sat,Away,W,2,1,Brighton,2,8,4,50.0,0.25,0.50,17.6,0,0,0,1.1,1.1,0.14,+0.9,+0.9,LEI
28,14:00 ,28,Sun,Home,W,5,0,Sheffield Utd,4,19,9,47.4,0.21,0.44,15.1,0,0,0,4.0,4.0,0.21,0.0,0.0,LEI
0,17:30 ,1,Sat,Home,W,4,3,Leeds United,4,20,4,20.0,0.10,0.50,17.0,0,2,2,3.3,1.8,0.09,+0.7,+0.2,LVP
1,16:30 ,2,Sun,Away,W,2,0,Chelsea,2,17,5,29.4,0.12,0.40,17.7,1,0,0,2.6,2.6,0.16,-0.6,-0.6,LVP
2,20:00 ,3,Mon,Home,W,3,1,Arsenal,3,21,9,42.9,0.14,0.33,16.8,0,0,0,3.2,3.2,0.16,-0.2,-0.2,LVP
3,19:15 ,4,Sun,Away,L,2,7,Aston Villa,2,14,8,57.1,0.14,0.25,15.8,1,0,0,1.8,1.8,0.13,+0.2,+0.2,LVP
4,12:30 ,5,Sat,Away,D,2,2,Everton,2,22,8,36.4,0.09,0.25,15.0,1,0,0,2.2,2.2,0.11,-0.2,-0.2,LVP
5,20:00 ,6,Sat,Home,W,2,1,Sheffield Utd,2,17,5,29.4,0.12,0.40,18.2,1,0,0,2.5,2.5,0.16,-0.5,-0.5,LVP
6,17:30 ,7,Sat,Home,W,2,1,West Ham,2,8,2,25.0,0.13,0.50,18.6,1,1,1,1.8,1.1,0.13,+0.2,-0.1,LVP
7,16:30 ,8,Sun,Away,D,1,1,Manchester City,1,9,2,22.2,0.00,0.00,21.5,0,1,1,1.4,0.6,0.07,-0.4,-0.6,LVP
8,19:15 ,9,Sun,Home,W,3,0,Leicester City,2,24,12,50.0,0.08,0.17,11.9,0,0,0,3.7,3.7,0.17,-1.7,-1.7,LVP
9,12:30 ,10,Sat,Away,D,1,1,Brighton,1,6,2,33.3,0.17,0.50,20.9,0,0,0,0.5,0.5,0.08,+0.5,+0.5,LVP
10,19:15 ,11,Sun,Home,W,4,0,Wolves,3,11,6,54.5,0.27,0.50,16.6,1,0,0,1.2,1.2,0.11,+1.8,+1.8,LVP
11,16:30 ,12,Sun,Away,D,1,1,Fulham,1,11,5,45.5,0.00,0.00,20.0,1,1,1,2.1,1.4,0.13,-1.1,-1.4,LVP
12,20:00 ,13,Wed,Home,W,2,1,Tottenham,2,17,11,64.7,0.12,0.18,15.5,0,0,0,1.2,1.2,0.07,+0.8,+0.8,LVP
13,12:30 ,14,Sat,Away,W,7,0,Crystal Palace,7,14,7,50.0,0.50,1.00,13.2,1,0,0,2.1,2.1,0.15,+4.9,+4.9,LVP
14,16:30 ,15,Sun,Home,D,1,1,West Brom,1,17,2,11.8,0.06,0.50,17.8,2,0,0,1.6,1.6,0.10,-0.6,-0.6,LVP
15,20:00 ,16,Wed,Away,D,0,0,Newcastle Utd,0,11,4,36.4,0.00,0.00,16.7,0,0,0,1.1,1.1,0.10,-1.1,-1.1,LVP
16,20:00 ,17,Mon,Away,L,0,1,Southampton,0,17,1,5.9,0.00,0.00,14.3,0,0,0,1.1,1.1,0.07,-1.1,-1.1,LVP
17,16:30 ,19,Sun,Home,D,0,0,Manchester Utd,0,17,3,17.6,0.00,0.00,17.1,0,0,0,1.7,1.7,0.10,-1.7,-1.7,LVP
18,20:00 ,18,Thu,Home,L,0,1,Burnley,0,27,6,22.2,0.00,0.00,17.3,0,0,0,2.3,2.3,0.09,-2.3,-2.3,LVP
19,20:00 ,20,Thu,Away,W,3,1,Tottenham,3,14,7,50.0,0.21,0.43,14.7,0,0,0,2.1,2.1,0.15,+0.9,+0.9,LVP
20,16:30 ,21,Sun,Away,W,3,1,West Ham,3,14,5,35.7,0.21,0.60,15.2,0,0,0,1.8,1.8,0.13,+1.2,+1.2,LVP
21,20:15 ,22,Wed,Home,L,0,1,Brighton,0,11,0,0.0,0.00,,19.9,0,0,0,0.7,0.7,0.06,-0.7,-0.7,LVP
22,16:30 ,23,Sun,Home,L,1,4,Manchester City,1,7,2,28.6,0.00,0.00,17.9,1,1,1,1.3,0.5,0.08,-0.3,-0.5,LVP
23,12:30 ,24,Sat,Away,L,1,3,Leicester City,1,15,4,26.7,0.07,0.25,15.4,2,0,0,1.8,1.8,0.13,-0.8,-0.8,LVP
24,17:30 ,25,Sat,Home,L,0,2,Everton,0,16,6,37.5,0.00,0.00,15.9,1,0,0,1.7,1.7,0.10,-1.7,-1.7,LVP
25,19:15 ,26,Sun,Away,W,2,0,Sheffield Utd,1,15,8,53.3,0.07,0.13,14.2,0,0,0,2.7,2.7,0.18,-1.7,-1.7,LVP
26,20:15 ,29,Thu,Home,L,0,1,Chelsea,0,7,1,14.3,0.00,0.00,18.4,0,0,0,0.3,0.3,0.04,-0.3,-0.3,LVP
27,14:00 ,27,Sun,Home,L,0,1,Fulham,0,16,4,25.0,0.00,0.00,17.0,1,0,0,1.0,1.0,0.06,-1.0,-1.0,LVP
28,20:00 ,28,Mon,Away,W,1,0,Wolves,1,12,4,33.3,0.08,0.25,15.9,0,0,0,1.1,1.1,0.09,-0.1,-0.1,LVP
0,20:15 ,2,Mon,Away,W,3,1,Wolves,3,13,8,61.5,0.15,0.25,20.3,2,1,1,1.9,1.2,0.09,+1.1,+0.8,MNC
1,16:30 ,3,Sun,Home,L,2,5,Leicester City,2,16,5,31.3,0.13,0.40,18.8,1,0,0,0.9,0.9,0.06,+1.1,+1.1,MNC
2,17:30 ,4,Sat,Away,D,1,1,Leeds United,1,23,1,4.3,0.04,1.00,17.6,1,0,0,1.5,1.5,0.06,-0.5,-0.5,MNC
3,17:30 ,5,Sat,Home,W,1,0,Arsenal,1,13,5,38.5,0.08,0.20,16.8,0,0,0,1.5,1.5,0.12,-0.5,-0.5,MNC
4,12:30 ,6,Sat,Away,D,1,1,West Ham,1,14,7,50.0,0.07,0.14,20.3,1,0,0,1.1,1.1,0.08,-0.1,-0.1,MNC
5,12:30 ,7,Sat,Away,W,1,0,Sheffield Utd,1,16,8,50.0,0.06,0.13,18.3,2,0,0,1.5,1.5,0.10,-0.5,-0.5,MNC
6,16:30 ,8,Sun,Home,D,1,1,Liverpool,1,6,2,33.3,0.17,0.50,19.5,0,0,1,1.6,0.8,0.14,-0.6,+0.2,MNC
7,17:30 ,9,Sat,Away,L,0,2,Tottenham,0,21,5,23.8,0.00,0.00,15.6,0,0,0,1.3,1.3,0.06,-1.3,-1.3,MNC
8,15:00 ,10,Sat,Home,W,5,0,Burnley,5,19,7,36.8,0.26,0.71,15.8,0,0,0,2.8,2.8,0.15,+2.2,+2.2,MNC
9,15:00 ,11,Sat,Home,W,2,0,Fulham,2,15,5,33.3,0.07,0.20,16.0,0,1,1,3.0,2.2,0.15,-1.0,-1.2,MNC
10,17:30 ,12,Sat,Away,D,0,0,Manchester Utd,0,9,2,22.2,0.00,0.00,17.4,1,0,0,1.2,1.2,0.14,-1.2,-1.2,MNC
11,20:00 ,13,Tue,Home,D,1,1,West Brom,1,26,7,26.9,0.04,0.14,16.6,2,0,0,1.9,1.9,0.07,-0.9,-0.9,MNC
12,15:00 ,14,Sat,Away,W,1,0,Southampton,1,11,5,45.5,0.09,0.20,19.1,0,0,0,1.1,1.1,0.10,-0.1,-0.1,MNC
13,20:00 ,15,Sat,Home,W,2,0,Newcastle Utd,2,11,6,54.5,0.18,0.33,12.3,0,0,0,1.8,1.8,0.17,+0.2,+0.2,MNC
14,16:30 ,17,Sun,Away,W,3,1,Chelsea,3,18,6,33.3,0.17,0.50,14.6,1,0,0,2.4,2.4,0.14,+0.6,+0.6,MNC
15,18:00 ,18,Wed,Home,W,1,0,Brighton,1,15,6,40.0,0.07,0.17,16.5,0,0,1,2.6,1.8,0.12,-1.6,-0.8,MNC
16,19:15 ,19,Sun,Home,W,4,0,Crystal Palace,4,13,6,46.2,0.31,0.67,17.8,2,0,0,0.9,0.9,0.07,+3.1,+3.1,MNC
17,18:00 ,1,Wed,Home,W,2,0,Aston Villa,2,27,8,29.6,0.04,0.13,14.8,0,1,1,4.3,3.6,0.15,-2.3,-2.6,MNC
18,20:15 ,20,Tue,Away,W,5,0,West Brom,5,18,7,38.9,0.28,0.71,17.0,0,0,0,2.0,2.0,0.12,+3.0,+3.0,MNC
19,15:00 ,21,Sat,Home,W,1,0,Sheffield Utd,1,10,5,50.0,0.10,0.20,16.2,0,0,0,1.2,1.2,0.12,-0.2,-0.2,MNC
20,18:00 ,22,Wed,Away,W,2,0,Burnley,2,13,6,46.2,0.15,0.33,15.0,0,0,0,2.6,2.6,0.21,-0.6,-0.6,MNC
21,16:30 ,23,Sun,Away,W,4,1,Liverpool,4,7,5,71.4,0.57,0.80,12.8,0,0,1,3.1,2.4,0.35,+0.9,+1.6,MNC
22,17:30 ,24,Sat,Home,W,3,0,Tottenham,3,14,5,35.7,0.14,0.40,15.2,0,1,1,2.9,2.1,0.16,+0.1,-0.1,MNC
23,20:15 ,16,Wed,Away,W,3,1,Everton,3,16,7,43.8,0.19,0.43,17.0,0,0,0,1.5,1.5,0.09,+1.5,+1.5,MNC
24,16:30 ,25,Sun,Away,W,1,0,Arsenal,1,15,3,20.0,0.07,0.33,15.4,0,0,0,2.1,2.1,0.14,-1.1,-1.1,MNC
25,12:30 ,26,Sat,Home,W,2,1,West Ham,2,10,3,30.0,0.20,0.67,19.3,0,0,0,0.6,0.6,0.06,+1.4,+1.4,MNC
26,20:00 ,29,Tue,Home,W,4,1,Wolves,3,21,10,47.6,0.14,0.30,13.9,0,0,0,2.3,2.3,0.11,+0.7,+0.7,MNC
27,16:30 ,27,Sun,Home,L,0,2,Manchester Utd,0,23,6,26.1,0.00,0.00,18.1,1,0,0,1.5,1.5,0.06,-1.5,-1.5,MNC
28,18:00 ,33,Wed,Home,W,5,2,Southampton,5,17,10,58.8,0.29,0.50,15.7,0,0,0,2.7,2.7,0.17,+2.3,+2.3,MNC
29,20:00 ,28,Sat,Away,W,3,0,Fulham,3,7,6,85.7,0.29,0.33,14.5,0,1,1,2.3,1.6,0.22,+0.7,+0.4,MNC
0,17:30 ,2,Sat,Home,L,1,3,Crystal Palace,1,17,4,23.5,0.06,0.25,18.9,1,0,0,1.1,1.1,0.06,-0.1,-0.1,MNU
1,12:30 ,3,Sat,Away,W,3,2,Brighton,2,6,2,33.3,0.17,0.50,17.8,0,1,1,1.1,0.3,0.05,+0.9,+0.7,MNU
2,16:30 ,4,Sun,Home,L,1,6,Tottenham,1,4,1,25.0,0.00,0.00,22.7,0,1,1,0.9,0.2,0.04,+0.1,-0.2,MNU
3,20:00 ,5,Sat,Away,W,4,1,Newcastle Utd,4,27,11,40.7,0.15,0.36,19.5,0,0,1,2.7,2.0,0.07,+1.3,+2.0,MNU
4,17:30 ,6,Sat,Home,D,0,0,Chelsea,0,14,4,28.6,0.00,0.00,16.9,0,0,0,0.7,0.7,0.05,-0.7,-0.7,MNU
5,16:30 ,7,Sun,Home,L,0,1,Arsenal,0,9,2,22.2,0.00,0.00,18.5,0,0,0,0.3,0.3,0.04,-0.3,-0.3,MNU
6,12:30 ,8,Sat,Away,W,3,1,Everton,3,13,5,38.5,0.23,0.60,20.8,2,0,0,1.6,1.6,0.12,+1.4,+1.4,MNU
7,20:00 ,9,Sat,Home,W,1,0,West Brom,1,16,6,37.5,0.00,0.00,18.4,1,1,1,2.5,1.8,0.11,-1.5,-1.8,MNU
8,14:00 ,10,Sun,Away,W,3,2,Southampton,3,15,6,40.0,0.20,0.50,16.0,0,0,0,2.3,2.3,0.16,+0.7,+0.7,MNU
9,17:30 ,11,Sat,Away,W,3,1,West Ham,3,15,6,40.0,0.20,0.50,18.6,0,0,0,1.9,1.9,0.13,+1.1,+1.1,MNU
10,17:30 ,12,Sat,Home,D,0,0,Manchester City,0,11,2,18.2,0.00,0.00,15.9,1,0,0,1.0,1.0,0.09,-1.0,-1.0,MNU
11,20:00 ,13,Thu,Away,W,3,2,Sheffield Utd,3,15,8,53.3,0.20,0.38,17.8,1,0,0,2.0,2.0,0.13,+1.0,+1.0,MNU
12,16:30 ,14,Sun,Home,W,6,2,Leeds United,6,25,14,56.0,0.20,0.36,14.8,0,1,1,4.0,3.2,0.13,+2.0,+1.8,MNU
13,12:30 ,15,Sat,Away,D,2,2,Leicester City,2,9,4,44.4,0.22,0.50,12.2,0,0,0,2.2,2.2,0.25,-0.2,-0.2,MNU
14,20:00 ,16,Tue,Home,W,1,0,Wolves,1,11,3,27.3,0.09,0.33,15.9,0,0,0,1.3,1.3,0.13,-0.3,-0.3,MNU
15,20:00 ,17,Fri,Home,W,2,1,Aston Villa,2,18,8,44.4,0.06,0.13,17.2,0,1,1,1.9,1.2,0.07,+0.1,-0.2,MNU
16,20:15 ,1,Tue,Away,W,1,0,Burnley,1,13,7,53.8,0.08,0.14,17.0,0,0,0,1.2,1.2,0.09,-0.2,-0.2,MNU
17,16:30 ,19,Sun,Away,D,0,0,Liverpool,0,8,4,50.0,0.00,0.00,15.8,2,0,0,0.9,0.9,0.11,-0.9,-0.9,MNU
18,20:15 ,18,Wed,Away,W,2,1,Fulham,2,16,5,31.3,0.13,0.40,15.1,1,0,0,1.2,1.2,0.08,+0.8,+0.8,MNU
19,20:15 ,20,Wed,Home,L,1,2,Sheffield Utd,1,16,4,25.0,0.06,0.25,18.2,2,0,0,1.7,1.7,0.10,-0.7,-0.7,MNU
20,17:30 ,21,Sat,Away,D,0,0,Arsenal,0,14,3,21.4,0.00,0.00,17.1,1,0,0,1.5,1.5,0.11,-1.5,-1.5,MNU
21,20:15 ,22,Tue,Home,W,9,0,Southampton,8,23,13,56.5,0.30,0.54,16.7,1,1,1,3.7,3.0,0.13,+4.3,+4.0,MNU
22,20:00 ,23,Sat,Home,D,3,3,Everton,3,14,5,35.7,0.21,0.60,14.6,1,0,0,1.4,1.4,0.10,+1.6,+1.6,MNU
23,14:00 ,24,Sun,Away,D,1,1,West Brom,1,10,6,60.0,0.10,0.17,17.5,0,0,0,0.4,0.4,0.04,+0.6,+0.6,MNU
24,19:00 ,25,Sun,Home,W,3,1,Newcastle Utd,3,14,6,42.9,0.14,0.33,18.3,0,1,1,1.8,1.0,0.07,+1.2,+1.0,MNU
25,16:30 ,26,Sun,Away,D,0,0,Chelsea,0,11,4,36.4,0.00,0.00,24.4,1,0,0,0.5,0.5,0.04,-0.5,-0.5,MNU
26,20:15 ,29,Wed,Away,D,0,0,Crystal Palace,0,11,1,9.1,0.00,0.00,16.9,0,0,0,0.9,0.9,0.08,-0.9,-0.9,MNU
27,16:30 ,27,Sun,Away,W,2,0,Manchester City,2,7,5,71.4,0.14,0.20,17.1,0,1,1,1.8,1.0,0.14,+0.2,0.0,MNU
28,19:15 ,28,Sun,Home,W,1,0,West Ham,0,15,4,26.7,0.00,0.00,16.9,0,0,0,1.2,1.2,0.08,-1.2,-1.2,MNU
0,20:00 ,1,Sat,Away,W,2,0,West Ham,2,16,3,18.8,0.13,0.67,16.2,1,0,0,1.5,1.5,0.09,+0.5,+0.5,NEW
1,14:00 ,2,Sun,Home,L,0,3,Brighton,0,6,0,0.0,0.00,,20.2,0,0,0,0.5,0.5,0.09,-0.5,-0.5,NEW
2,14:00 ,3,Sun,Away,D,1,1,Tottenham,1,5,0,0.0,0.00,,19.1,0,1,1,1.0,0.2,0.04,0.0,-0.2,NEW
3,20:00 ,4,Sat,Home,W,3,1,Burnley,3,9,4,44.4,0.22,0.50,19.4,0,1,1,2.0,1.2,0.14,+1.0,+0.8,NEW
4,20:00 ,5,Sat,Home,L,1,4,Manchester Utd,0,7,4,57.1,0.00,0.00,19.1,0,0,0,0.5,0.5,0.08,-0.5,-0.5,NEW
5,16:30 ,6,Sun,Away,D,1,1,Wolves,1,5,2,40.0,0.20,0.50,20.9,1,0,0,0.2,0.2,0.05,+0.8,+0.8,NEW
6,14:00 ,7,Sun,Home,W,2,1,Everton,2,9,3,33.3,0.11,0.33,16.9,0,1,1,2.5,1.7,0.19,-0.5,-0.7,NEW
7,20:00 ,8,Fri,Away,L,0,2,Southampton,0,4,2,50.0,0.00,0.00,13.1,1,0,0,0.5,0.5,0.14,-0.5,-0.5,NEW
8,12:30 ,9,Sat,Home,L,0,2,Chelsea,0,8,1,12.5,0.00,0.00,24.4,0,0,0,0.6,0.6,0.07,-0.6,-0.6,NEW
9,20:00 ,10,Fri,Away,W,2,0,Crystal Palace,2,14,7,50.0,0.14,0.29,17.5,2,0,0,1.5,1.5,0.10,+0.5,+0.5,NEW
10,15:00 ,12,Sat,Home,W,2,1,West Brom,2,12,6,50.0,0.17,0.33,15.9,0,0,0,1.1,1.1,0.09,+0.9,+0.9,NEW
11,18:00 ,13,Wed,Away,L,2,5,Leeds United,2,9,4,44.4,0.22,0.50,13.0,1,0,0,0.9,0.9,0.11,+1.1,+1.1,NEW
12,20:00 ,14,Sat,Home,D,1,1,Fulham,1,10,4,40.0,0.00,0.00,21.8,2,1,1,1.4,0.6,0.06,-0.4,-0.6,NEW
13,20:00 ,15,Sat,Away,L,0,2,Manchester City,0,8,2,25.0,0.00,0.00,19.3,0,0,0,0.3,0.3,0.03,-0.3,-0.3,NEW
14,20:00 ,16,Wed,Home,D,0,0,Liverpool,0,8,2,25.0,0.00,0.00,16.8,0,0,0,0.3,0.3,0.04,-0.3,-0.3,NEW
15,14:15 ,17,Sun,Home,L,1,2,Leicester City,1,8,2,25.0,0.13,0.50,14.3,0,0,0,0.2,0.2,0.03,+0.8,+0.8,NEW
16,18:00 ,18,Tue,Away,L,0,1,Sheffield Utd,0,7,3,42.9,0.00,0.00,22.0,2,0,0,0.5,0.5,0.07,-0.5,-0.5,NEW
17,20:00 ,19,Mon,Away,L,0,3,Arsenal,0,4,1,25.0,0.00,0.00,17.4,0,0,0,0.2,0.2,0.06,-0.2,-0.2,NEW
18,20:00 ,11,Sat,Away,L,0,2,Aston Villa,0,7,0,0.0,0.00,,13.4,0,0,0,0.6,0.6,0.08,-0.6,-0.6,NEW
19,18:00 ,20,Tue,Home,L,1,2,Leeds United,1,22,5,22.7,0.05,0.20,21.1,4,0,0,1.4,1.4,0.06,-0.4,-0.4,NEW
20,12:30 ,21,Sat,Away,W,2,0,Everton,2,13,3,23.1,0.15,0.67,16.5,2,0,0,1.8,1.8,0.14,+0.2,+0.2,NEW
21,20:15 ,22,Tue,Home,L,1,2,Crystal Palace,1,21,5,23.8,0.05,0.20,15.4,1,0,0,1.8,1.8,0.09,-0.8,-0.8,NEW
22,15:00 ,23,Sat,Home,W,3,2,Southampton,3,6,4,66.7,0.50,0.75,15.7,1,0,0,0.8,0.8,0.14,+2.2,+2.2,NEW
23,20:00 ,24,Mon,Away,L,0,2,Chelsea,0,10,4,40.0,0.00,0.00,19.0,1,0,0,0.7,0.7,0.07,-0.7,-0.7,NEW
24,19:00 ,25,Sun,Away,L,1,3,Manchester Utd,1,10,6,60.0,0.10,0.17,22.9,0,0,0,0.5,0.5,0.05,+0.5,+0.5,NEW
25,20:00 ,26,Sat,Home,D,1,1,Wolves,1,19,6,31.6,0.05,0.17,18.6,1,0,0,1.5,1.5,0.08,-0.5,-0.5,NEW
26,12:00 ,27,Sun,Away,D,0,0,West Brom,0,9,5,55.6,0.00,0.00,18.0,0,0,0,0.4,0.4,0.04,-0.4,-0.4,NEW
27,20:00 ,28,Fri,Home,D,1,1,Aston Villa,1,12,3,25.0,0.08,0.33,14.3,0,0,0,1.1,1.1,0.09,-0.1,-0.1,NEW
28,20:00 ,29,Sat,Away,L,0,3,Brighton,0,3,1,33.3,0.00,0.00,19.0,0,0,0,0.1,0.1,0.04,-0.1,-0.1,NEW
0,18:00 ,1,Mon,Home,L,0,2,Wolves,0,9,1,11.1,0.00,0.00,12.0,0,0,0,0.6,0.6,0.07,-0.6,-0.6,SHE
1,18:00 ,2,Mon,Away,L,0,1,Aston Villa,0,3,0,0.0,0.00,,20.3,0,0,1,0.9,0.1,0.03,-0.9,-0.1,SHE
2,12:00 ,3,Sun,Home,L,0,1,Leeds United,0,13,3,23.1,0.00,0.00,16.7,0,0,0,1.6,1.6,0.12,-1.6,-1.6,SHE
3,14:00 ,4,Sun,Away,L,1,2,Arsenal,1,6,2,33.3,0.17,0.50,24.1,0,0,0,0.2,0.2,0.03,+0.8,+0.8,SHE
4,12:00 ,5,Sun,Home,D,1,1,Fulham,1,9,5,55.6,0.00,0.00,19.1,0,1,1,1.5,0.7,0.08,-0.5,-0.7,SHE
5,20:00 ,6,Sat,Away,L,1,2,Liverpool,1,12,1,8.3,0.00,0.00,18.5,0,1,1,1.5,0.8,0.06,-0.5,-0.8,SHE
6,12:30 ,7,Sat,Home,L,0,1,Manchester City,0,4,1,25.0,0.00,0.00,14.9,0,0,0,0.5,0.5,0.13,-0.5,-0.5,SHE
7,17:30 ,8,Sat,Away,L,1,4,Chelsea,1,6,3,50.0,0.17,0.33,18.5,0,0,0,0.6,0.6,0.11,+0.4,+0.4,SHE
8,14:00 ,9,Sun,Home,L,0,1,West Ham,0,9,5,55.6,0.00,0.00,16.7,0,0,0,0.7,0.7,0.08,-0.7,-0.7,SHE
9,20:00 ,10,Sat,Away,L,0,1,West Brom,0,21,5,23.8,0.00,0.00,14.1,0,0,0,2.7,2.7,0.14,-2.7,-2.7,SHE
10,14:15 ,11,Sun,Home,L,1,2,Leicester City,1,4,1,25.0,0.25,1.00,13.3,0,0,0,0.3,0.3,0.07,+0.7,+0.7,SHE
11,12:00 ,12,Sun,Away,L,0,3,Southampton,0,3,0,0.0,0.00,,10.4,0,0,0,0.4,0.4,0.13,-0.4,-0.4,SHE
12,20:00 ,13,Thu,Home,L,2,3,Manchester Utd,2,12,6,50.0,0.17,0.33,14.8,1,0,0,1.6,1.6,0.14,+0.4,+0.4,SHE
13,12:00 ,14,Sun,Away,D,1,1,Brighton,1,5,3,60.0,0.20,0.33,26.8,1,0,0,0.7,0.7,0.14,+0.3,+0.3,SHE
14,20:00 ,15,Sat,Home,L,0,1,Everton,0,10,1,10.0,0.00,0.00,11.7,0,0,0,1.2,1.2,0.12,-1.2,-1.2,SHE
15,18:00 ,16,Tue,Away,L,0,1,Burnley,0,7,2,28.6,0.00,0.00,15.8,0,0,0,0.4,0.4,0.06,-0.4,-0.4,SHE
16,15:00 ,17,Sat,Away,L,0,2,Crystal Palace,0,7,2,28.6,0.00,0.00,17.9,0,0,0,0.3,0.3,0.05,-0.3,-0.3,SHE
17,18:00 ,18,Tue,Home,W,1,0,Newcastle Utd,1,16,3,18.8,0.00,0.00,16.4,0,1,1,1.8,1.1,0.07,-0.8,-1.1,SHE
18,14:00 ,19,Sun,Home,L,1,3,Tottenham,1,15,5,33.3,0.07,0.20,18.8,0,0,0,0.7,0.7,0.05,+0.3,+0.3,SHE
19,20:15 ,20,Wed,Away,W,2,1,Manchester Utd,2,5,3,60.0,0.40,0.67,13.7,0,0,0,1.0,1.0,0.19,+1.0,+1.0,SHE
20,15:00 ,21,Sat,Away,L,0,1,Manchester City,0,4,1,25.0,0.00,0.00,21.8,0,0,0,0.2,0.2,0.04,-0.2,-0.2,SHE
21,18:00 ,22,Tue,Home,W,2,1,West Brom,2,14,6,42.9,0.14,0.33,15.8,1,0,0,1.1,1.1,0.08,+0.9,+0.9,SHE
22,19:15 ,23,Sun,Home,L,1,2,Chelsea,0,8,3,37.5,0.00,0.00,20.8,0,0,0,0.4,0.4,0.05,-0.4,-0.4,SHE
23,18:00 ,24,Mon,Away,L,0,3,West Ham,0,8,5,62.5,0.00,0.00,14.6,0,0,0,0.7,0.7,0.08,-0.7,-0.7,SHE
24,20:00 ,25,Sat,Away,L,0,1,Fulham,0,3,2,66.7,0.00,0.00,9.0,0,0,0,0.5,0.5,0.18,-0.5,-0.5,SHE
25,19:15 ,26,Sun,Home,L,0,2,Liverpool,0,9,3,33.3,0.00,0.00,15.7,0,0,0,0.6,0.6,0.06,-0.6,-0.6,SHE
26,18:00 ,29,Wed,Home,W,1,0,Aston Villa,1,9,2,22.2,0.11,0.50,23.1,0,0,0,1.0,1.0,0.12,0.0,0.0,SHE
27,15:00 ,27,Sat,Home,L,0,2,Southampton,0,8,2,25.0,0.00,0.00,16.2,0,0,0,0.7,0.7,0.08,-0.7,-0.7,SHE
28,14:00 ,28,Sun,Away,L,0,5,Leicester City,0,1,0,0.0,0.00,,10.3,0,0,0,0.1,0.1,0.10,-0.1,-0.1,SHE
0,15:00 ,1,Sat,Away,L,0,1,Crystal Palace,0,9,5,55.6,0.00,0.00,15.6,2,0,0,0.8,0.8,0.09,-0.8,-0.8,SOU
1,12:00 ,2,Sun,Home,L,2,5,Tottenham,2,13,5,38.5,0.08,0.20,19.0,1,1,1,1.5,0.8,0.06,+0.5,+0.2,SOU
2,20:00 ,3,Sat,Away,W,1,0,Burnley,1,5,1,20.0,0.20,1.00,14.7,0,0,0,0.6,0.6,0.12,+0.4,+0.4,SOU
3,12:00 ,4,Sun,Home,W,2,0,West Brom,2,13,7,53.8,0.15,0.29,17.0,0,0,0,1.2,1.2,0.09,+0.8,+0.8,SOU
4,15:00 ,5,Sat,Away,D,3,3,Chelsea,3,13,6,46.2,0.23,0.50,17.0,0,0,0,2.2,2.2,0.17,+0.8,+0.8,SOU
5,14:00 ,6,Sun,Home,W,2,0,Everton,2,12,6,50.0,0.17,0.33,17.6,0,0,0,0.7,0.7,0.06,+1.3,+1.3,SOU
6,12:00 ,7,Sun,Away,W,4,3,Aston Villa,4,9,4,44.4,0.44,1.00,17.4,2,0,0,0.7,0.7,0.08,+3.3,+3.3,SOU
7,20:00 ,8,Fri,Home,W,2,0,Newcastle Utd,2,15,7,46.7,0.13,0.29,17.3,0,0,0,0.9,0.9,0.06,+1.1,+1.1,SOU
8,20:00 ,9,Mon,Away,D,1,1,Wolves,1,7,2,28.6,0.14,0.50,15.6,0,0,0,1.5,1.5,0.21,-0.5,-0.5,SOU
9,14:00 ,10,Sun,Home,L,2,3,Manchester Utd,2,10,5,50.0,0.20,0.40,18.9,1,0,0,0.4,0.4,0.04,+1.6,+1.6,SOU
10,20:00 ,11,Mon,Away,W,2,1,Brighton,2,9,2,22.2,0.11,0.50,19.6,0,1,1,1.1,0.4,0.04,+0.9,+0.6,SOU
11,12:00 ,12,Sun,Home,W,3,0,Sheffield Utd,3,16,6,37.5,0.19,0.50,16.2,1,0,0,1.4,1.4,0.09,+1.6,+1.6,SOU
12,18:00 ,13,Wed,Away,D,1,1,Arsenal,1,13,3,23.1,0.08,0.33,22.5,0,0,0,1.1,1.1,0.09,-0.1,-0.1,SOU
13,15:00 ,14,Sat,Home,L,0,1,Manchester City,0,9,3,33.3,0.00,0.00,14.3,0,0,0,1.0,1.0,0.11,-1.0,-1.0,SOU
14,15:00 ,15,Sat,Away,D,0,0,Fulham,0,3,2,66.7,0.00,0.00,20.6,1,0,0,0.1,0.1,0.04,-0.1,-0.1,SOU
15,18:00 ,16,Tue,Home,D,0,0,West Ham,0,8,3,37.5,0.00,0.00,19.6,1,0,0,0.5,0.5,0.06,-0.5,-0.5,SOU
16,20:00 ,17,Mon,Home,W,1,0,Liverpool,1,7,2,28.6,0.14,0.50,23.8,0,0,0,0.6,0.6,0.09,+0.4,+0.4,SOU
17,20:00 ,19,Sat,Away,L,0,2,Leicester City,0,9,3,33.3,0.00,0.00,15.4,0,0,0,0.8,0.8,0.09,-0.8,-0.8,SOU
18,20:15 ,20,Tue,Home,L,1,3,Arsenal,1,13,5,38.5,0.08,0.20,16.7,1,0,0,1.2,1.2,0.10,-0.2,-0.2,SOU
19,20:00 ,21,Sat,Home,L,0,1,Aston Villa,0,20,4,20.0,0.00,0.00,16.9,1,0,0,1.7,1.7,0.09,-1.7,-1.7,SOU
20,20:15 ,22,Tue,Away,L,0,9,Manchester Utd,0,3,1,33.3,0.00,0.00,20.4,1,0,0,0.5,0.5,0.18,-0.5,-0.5,SOU
21,15:00 ,23,Sat,Away,L,2,3,Newcastle Utd,2,14,5,35.7,0.14,0.40,14.7,1,0,0,1.4,1.4,0.10,+0.6,+0.6,SOU
22,12:00 ,24,Sun,Home,L,1,2,Wolves,1,7,3,42.9,0.14,0.33,16.7,0,0,0,0.7,0.7,0.10,+0.3,+0.3,SOU
23,12:30 ,25,Sat,Home,D,1,1,Chelsea,1,4,1,25.0,0.25,1.00,10.2,0,0,0,0.5,0.5,0.12,+0.5,+0.5,SOU
24,18:00 ,18,Tue,Away,L,0,3,Leeds United,0,13,5,38.5,0.00,0.00,17.4,0,0,0,0.7,0.7,0.05,-0.7,-0.7,SOU
25,20:00 ,26,Mon,Away,L,0,1,Everton,0,9,1,11.1,0.00,0.00,15.3,0,0,0,1.0,1.0,0.12,-1.0,-1.0,SOU
26,15:00 ,27,Sat,Away,W,2,0,Sheffield Utd,2,14,6,42.9,0.07,0.17,20.7,0,1,1,1.6,0.8,0.06,+0.4,+0.2,SOU
27,18:00 ,33,Wed,Away,L,2,5,Manchester City,2,10,5,50.0,0.10,0.20,20.3,2,1,1,1.8,1.1,0.11,+0.2,-0.1,SOU
28,12:00 ,28,Sun,Home,L,1,2,Brighton,1,9,4,44.4,0.11,0.25,18.1,1,0,0,1.0,1.0,0.11,0.0,0.0,SOU
0,16:30 ,1,Sun,Home,L,0,1,Everton,0,10,5,50.0,0.00,0.00,11.6,0,0,0,1.0,1.0,0.10,-1.0,-1.0,TOT
1,12:00 ,2,Sun,Away,W,5,2,Southampton,5,9,6,66.7,0.56,0.83,17.5,0,0,0,2.5,2.5,0.28,+2.5,+2.5,TOT
2,14:00 ,3,Sun,Home,D,1,1,Newcastle Utd,1,23,11,47.8,0.04,0.09,14.1,2,0,0,2.3,2.3,0.10,-1.3,-1.3,TOT
3,16:30 ,4,Sun,Away,W,6,1,Manchester Utd,6,21,7,33.3,0.24,0.71,15.8,1,1,1,3.8,3.1,0.15,+2.2,+1.9,TOT
4,16:30 ,5,Sun,Home,D,3,3,West Ham,3,11,6,54.5,0.27,0.50,19.1,1,0,0,1.2,1.2,0.11,+1.8,+1.8,TOT
5,20:00 ,6,Mon,Away,W,1,0,Burnley,1,8,3,37.5,0.13,0.33,14.5,0,0,0,0.8,0.8,0.10,+0.2,+0.2,TOT
6,19:15 ,7,Sun,Home,W,2,1,Brighton,2,8,2,25.0,0.13,0.50,17.1,1,1,1,1.8,1.0,0.14,+0.2,0.0,TOT
7,12:00 ,8,Sun,Away,W,1,0,West Brom,1,19,5,26.3,0.05,0.20,16.6,1,0,0,1.6,1.6,0.09,-0.6,-0.6,TOT
8,17:30 ,9,Sat,Home,W,2,0,Manchester City,2,4,2,50.0,0.50,1.00,21.2,1,0,0,0.7,0.7,0.17,+1.3,+1.3,TOT
9,16:30 ,10,Sun,Away,D,0,0,Chelsea,0,5,1,20.0,0.00,0.00,24.6,1,0,0,0.2,0.2,0.03,-0.2,-0.2,TOT
10,16:30 ,11,Sun,Home,W,2,0,Arsenal,2,6,3,50.0,0.33,0.67,20.2,1,0,0,0.5,0.5,0.08,+1.5,+1.5,TOT
11,14:15 ,12,Sun,Away,D,1,1,Crystal Palace,1,14,6,42.9,0.07,0.17,20.5,3,0,0,1.1,1.1,0.08,-0.1,-0.1,TOT
12,20:00 ,13,Wed,Away,L,1,2,Liverpool,1,8,3,37.5,0.13,0.33,20.2,1,0,0,1.3,1.3,0.17,-0.3,-0.3,TOT
13,14:15 ,14,Sun,Home,L,0,2,Leicester City,0,9,3,33.3,0.00,0.00,15.0,2,0,0,1.1,1.1,0.12,-1.1,-1.1,TOT
14,19:15 ,15,Sun,Away,D,1,1,Wolves,1,7,3,42.9,0.14,0.33,14.9,1,0,0,0.4,0.4,0.06,+0.6,+0.6,TOT
15,12:30 ,17,Sat,Home,W,3,0,Leeds United,3,19,6,31.6,0.11,0.33,18.8,0,1,1,2.6,1.8,0.10,+0.4,+0.2,TOT
16,20:15 ,16,Wed,Home,D,1,1,Fulham,1,15,6,40.0,0.07,0.17,15.2,1,0,0,2.3,2.3,0.16,-1.3,-1.3,TOT
17,14:00 ,19,Sun,Away,W,3,1,Sheffield Utd,3,14,5,35.7,0.21,0.60,20.9,0,0,0,1.2,1.2,0.09,+1.8,+1.8,TOT
18,20:00 ,20,Thu,Home,L,1,3,Liverpool,1,3,2,66.7,0.33,0.50,34.9,0,0,0,0.2,0.2,0.07,+0.8,+0.8,TOT
19,19:15 ,21,Sun,Away,L,0,1,Brighton,0,8,4,50.0,0.00,0.00,19.4,1,0,0,0.5,0.5,0.06,-0.5,-0.5,TOT
20,20:00 ,22,Thu,Home,L,0,1,Chelsea,0,7,2,28.6,0.00,0.00,19.7,1,0,0,0.3,0.3,0.05,-0.3,-0.3,TOT
21,12:00 ,23,Sun,Home,W,2,0,West Brom,2,13,6,46.2,0.15,0.33,15.4,0,0,0,1.5,1.5,0.11,+0.5,+0.5,TOT
22,17:30 ,24,Sat,Away,L,0,3,Manchester City,0,7,3,42.9,0.00,0.00,19.5,1,0,0,0.6,0.6,0.08,-0.6,-0.6,TOT
23,12:00 ,25,Sun,Away,L,1,2,West Ham,1,20,4,20.0,0.05,0.25,18.4,2,0,0,1.2,1.2,0.06,-0.2,-0.2,TOT
24,14:00 ,26,Sun,Home,W,4,0,Burnley,4,16,7,43.8,0.25,0.57,18.0,0,0,0,2.2,2.2,0.14,+1.8,+1.8,TOT
25,18:00 ,33,Thu,Away,W,1,0,Fulham,0,9,2,22.2,0.00,0.00,18.1,2,0,0,1.4,1.4,0.16,-1.4,-1.4,TOT
26,19:15 ,27,Sun,Home,W,4,1,Crystal Palace,4,12,5,41.7,0.33,0.80,11.6,1,0,0,2.7,2.7,0.23,+1.3,+1.3,TOT
27,16:30 ,28,Sun,Away,L,1,2,Arsenal,1,6,2,33.3,0.17,0.50,17.2,2,0,0,0.6,0.6,0.10,+0.4,+0.4,TOT
28,19:30 ,18,Sun,Away,W,2,0,Aston Villa,2,8,2,25.0,0.13,0.50,18.4,0,1,1,2.2,1.5,0.18,-0.2,-0.5,TOT
0,14:00 ,1,Sun,Home,L,0,3,Leicester City,0,7,1,14.3,0.00,0.00,17.1,1,0,0,0.5,0.5,0.07,-0.5,-0.5,WBA
1,12:30 ,2,Sat,Away,L,2,5,Everton,2,6,4,66.7,0.33,0.50,22.1,1,0,0,0.3,0.3,0.05,+1.7,+1.7,WBA
2,17:30 ,3,Sat,Home,D,3,3,Chelsea,3,9,3,33.3,0.33,1.00,20.5,0,0,0,1.0,1.0,0.11,+2.0,+2.0,WBA
3,12:00 ,4,Sun,Away,L,0,2,Southampton,0,5,3,60.0,0.00,0.00,21.7,0,0,0,0.1,0.1,0.03,-0.1,-0.1,WBA
4,17:30 ,5,Mon,Home,D,0,0,Burnley,0,13,6,46.2,0.00,0.00,16.2,0,0,0,1.0,1.0,0.09,-1.0,-1.0,WBA
5,17:30 ,6,Mon,Away,D,1,1,Brighton,1,9,3,33.3,0.11,0.33,20.5,0,0,0,0.6,0.6,0.07,+0.4,+0.4,WBA
6,17:30 ,7,Mon,Away,L,0,2,Fulham,0,10,1,10.0,0.00,0.00,20.6,1,0,0,0.5,0.5,0.05,-0.5,-0.5,WBA
7,12:00 ,8,Sun,Home,L,0,1,Tottenham,0,12,2,16.7,0.00,0.00,16.4,0,0,0,0.8,0.8,0.07,-0.8,-0.8,WBA
8,20:00 ,9,Sat,Away,L,0,1,Manchester Utd,0,7,2,28.6,0.00,0.00,15.1,0,0,0,0.6,0.6,0.09,-0.6,-0.6,WBA
9,20:00 ,10,Sat,Home,W,1,0,Sheffield Utd,1,17,6,35.3,0.06,0.17,16.1,1,0,0,1.3,1.3,0.08,-0.3,-0.3,WBA
10,12:00 ,11,Sun,Home,L,1,5,Crystal Palace,1,9,4,44.4,0.11,0.25,16.0,0,0,0,0.8,0.8,0.08,+0.2,+0.2,WBA
11,15:00 ,12,Sat,Away,L,1,2,Newcastle Utd,1,13,3,23.1,0.08,0.33,22.5,1,0,0,0.6,0.6,0.05,+0.4,+0.4,WBA
12,20:00 ,13,Tue,Away,D,1,1,Manchester City,0,5,1,20.0,0.00,0.00,18.4,0,0,0,0.3,0.3,0.06,-0.3,-0.3,WBA
13,19:15 ,14,Sun,Home,L,0,3,Aston Villa,0,1,1,100.0,0.00,0.00,34.1,1,0,0,0.0,0.0,0.02,0.0,0.0,WBA
14,16:30 ,15,Sun,Away,D,1,1,Liverpool,1,5,3,60.0,0.20,0.33,16.5,0,0,0,0.5,0.5,0.10,+0.5,+0.5,WBA
15,18:00 ,16,Tue,Home,L,0,5,Leeds United,0,4,1,25.0,0.00,0.00,20.2,0,0,0,0.6,0.6,0.15,-0.6,-0.6,WBA
16,20:00 ,17,Sat,Home,L,0,4,Arsenal,0,7,3,42.9,0.00,0.00,18.3,0,0,0,0.4,0.4,0.06,-0.4,-0.4,WBA
17,12:30 ,19,Sat,Away,W,3,2,Wolves,3,10,3,30.0,0.10,0.33,18.7,0,2,2,2.3,0.7,0.08,+0.7,+0.3,WBA
18,18:00 ,18,Tue,Away,L,1,2,West Ham,1,6,2,33.3,0.17,0.50,19.3,0,0,0,0.4,0.4,0.07,+0.6,+0.6,WBA
19,20:15 ,20,Tue,Home,L,0,5,Manchester City,0,4,1,25.0,0.00,0.00,11.1,0,0,0,0.4,0.4,0.09,-0.4,-0.4,WBA
20,15:00 ,21,Sat,Home,D,2,2,Fulham,2,5,3,60.0,0.40,0.67,14.8,0,0,0,0.6,0.6,0.12,+1.4,+1.4,WBA
21,18:00 ,22,Tue,Away,L,1,2,Sheffield Utd,1,9,4,44.4,0.11,0.25,13.3,0,0,0,1.5,1.5,0.22,-0.5,-0.5,WBA
22,12:00 ,23,Sun,Away,L,0,2,Tottenham,0,4,1,25.0,0.00,0.00,10.1,0,0,0,0.4,0.4,0.09,-0.4,-0.4,WBA
23,14:00 ,24,Sun,Home,D,1,1,Manchester Utd,1,7,3,42.9,0.14,0.33,13.5,0,0,0,1.1,1.1,0.16,-0.1,-0.1,WBA
24,15:00 ,25,Sat,Away,D,0,0,Burnley,0,10,3,30.0,0.00,0.00,22.1,2,0,0,1.0,1.0,0.10,-1.0,-1.0,WBA
25,15:00 ,26,Sat,Home,W,1,0,Brighton,1,6,2,33.3,0.17,0.50,17.5,0,0,0,0.5,0.5,0.08,+0.5,+0.5,WBA
26,18:00 ,29,Thu,Home,L,0,1,Everton,0,11,3,27.3,0.00,0.00,15.8,0,0,0,1.0,1.0,0.09,-1.0,-1.0,WBA
27,12:00 ,27,Sun,Home,D,0,0,Newcastle Utd,0,13,2,15.4,0.00,0.00,16.5,0,0,0,1.0,1.0,0.08,-1.0,-1.0,WBA
28,15:00 ,28,Sat,Away,L,0,1,Crystal Palace,0,12,1,8.3,0.00,0.00,17.9,1,0,0,0.8,0.8,0.07,-0.8,-0.8,WBA
0,20:00 ,1,Sat,Home,L,0,2,Newcastle Utd,0,15,3,20.0,0.00,0.00,15.6,0,0,0,1.1,1.1,0.08,-1.1,-1.1,WHA
1,20:00 ,2,Sat,Away,L,1,2,Arsenal,1,15,3,20.0,0.07,0.33,17.4,0,0,0,1.9,1.9,0.13,-0.9,-0.9,WHA
2,19:00 ,3,Sun,Home,W,4,0,Wolves,3,15,7,46.7,0.20,0.43,12.3,0,0,0,1.6,1.6,0.11,+1.4,+1.4,WHA
3,12:00 ,4,Sun,Away,W,3,0,Leicester City,3,13,6,46.2,0.23,0.50,13.6,0,0,0,1.6,1.6,0.13,+1.4,+1.4,WHA
4,16:30 ,5,Sun,Away,D,3,3,Tottenham,2,13,4,30.8,0.15,0.50,14.5,1,0,0,2.1,2.1,0.16,-0.1,-0.1,WHA
5,12:30 ,6,Sat,Home,D,1,1,Manchester City,1,6,2,33.3,0.17,0.50,20.6,0,0,0,0.5,0.5,0.09,+0.5,+0.5,WHA
6,17:30 ,7,Sat,Away,L,1,2,Liverpool,1,4,3,75.0,0.25,0.33,13.1,0,0,0,0.5,0.5,0.12,+0.5,+0.5,WHA
7,20:00 ,8,Sat,Home,W,1,0,Fulham,1,16,7,43.8,0.06,0.14,14.5,1,0,0,1.3,1.3,0.08,-0.3,-0.3,WHA
8,14:00 ,9,Sun,Away,W,1,0,Sheffield Utd,1,15,3,20.0,0.07,0.33,12.0,0,0,0,2.2,2.2,0.15,-1.2,-1.2,WHA
9,20:00 ,10,Mon,Home,W,2,1,Aston Villa,2,6,2,33.3,0.33,1.00,14.1,0,0,0,0.6,0.6,0.09,+1.4,+1.4,WHA
10,17:30 ,11,Sat,Home,L,1,3,Manchester Utd,1,19,6,31.6,0.05,0.17,15.7,1,0,0,2.2,2.2,0.12,-1.2,-1.2,WHA
11,20:00 ,12,Fri,Away,W,2,1,Leeds United,2,19,7,36.8,0.11,0.29,15.5,1,0,0,1.9,1.9,0.10,+0.1,+0.1,WHA
12,20:00 ,13,Wed,Home,D,1,1,Crystal Palace,1,9,2,22.2,0.11,0.50,19.1,1,0,0,0.3,0.3,0.03,+0.7,+0.7,WHA
13,20:00 ,14,Mon,Away,L,0,3,Chelsea,0,6,0,0.0,0.00,,12.6,0,0,0,0.5,0.5,0.08,-0.5,-0.5,WHA
14,14:15 ,15,Sun,Home,D,2,2,Brighton,2,11,4,36.4,0.18,0.50,12.2,0,0,0,1.2,1.2,0.12,+0.8,+0.8,WHA
15,18:00 ,16,Tue,Away,D,0,0,Southampton,0,7,3,42.9,0.00,0.00,13.5,0,0,0,0.9,0.9,0.13,-0.9,-0.9,WHA
16,17:30 ,17,Fri,Away,W,1,0,Everton,1,11,5,45.5,0.09,0.20,16.5,1,0,0,1.3,1.3,0.12,-0.3,-0.3,WHA
17,15:00 ,19,Sat,Home,W,1,0,Burnley,1,14,3,21.4,0.07,0.33,13.5,1,0,0,1.7,1.7,0.12,-0.7,-0.7,WHA
18,18:00 ,18,Tue,Home,W,2,1,West Brom,2,14,6,42.9,0.14,0.33,17.2,1,0,0,1.3,1.3,0.10,+0.7,+0.7,WHA
19,18:00 ,20,Tue,Away,W,3,2,Crystal Palace,3,17,7,41.2,0.18,0.43,14.2,0,0,0,3.0,3.0,0.20,0.0,0.0,WHA
20,16:30 ,21,Sun,Home,L,1,3,Liverpool,1,8,2,25.0,0.13,0.50,13.0,0,0,0,1.0,1.0,0.12,0.0,0.0,WHA
21,20:15 ,22,Wed,Away,W,3,1,Aston Villa,3,20,9,45.0,0.15,0.33,18.5,1,0,0,1.4,1.4,0.07,+1.6,+1.6,WHA
22,17:30 ,23,Sat,Away,D,0,0,Fulham,0,8,1,12.5,0.00,0.00,12.7,1,0,0,0.8,0.8,0.10,-0.8,-0.8,WHA
23,18:00 ,24,Mon,Home,W,3,0,Sheffield Utd,3,12,8,66.7,0.17,0.25,18.0,2,1,1,1.9,1.2,0.10,+1.1,+0.8,WHA
24,12:00 ,25,Sun,Home,W,2,1,Tottenham,2,4,4,100.0,0.50,0.50,6.9,0,0,0,1.1,1.1,0.37,+0.9,+0.9,WHA
25,12:30 ,26,Sat,Away,L,1,2,Manchester City,1,9,3,33.3,0.11,0.33,11.8,0,0,0,1.6,1.6,0.23,-0.6,-0.6,WHA
26,20:00 ,27,Mon,Home,W,2,0,Leeds United,2,15,4,26.7,0.13,0.50,19.4,1,0,1,1.9,1.0,0.07,+0.1,+1.0,WHA
27,19:15 ,28,Sun,Away,L,0,1,Manchester Utd,0,7,0,0.0,0.00,,13.0,0,0,0,0.7,0.7,0.10,-0.7,-0.7,WHA
28,15:00 ,29,Sun,Home,D,3,3,Arsenal,3,15,5,33.3,0.20,0.60,12.4,0,0,0,2.3,2.3,0.16,+0.7,+0.7,WHA
0,18:00 ,1,Mon,Away,W,2,0,Sheffield Utd,2,11,4,36.4,0.18,0.50,16.3,0,0,0,1.1,1.1,0.12,+0.9,+0.9,WOL
1,20:15 ,2,Mon,Home,L,1,3,Manchester City,1,10,1,10.0,0.10,1.00,16.7,0,0,0,1.0,1.0,0.10,0.0,0.0,WOL
2,19:00 ,3,Sun,Away,L,0,4,West Ham,0,11,2,18.2,0.00,0.00,19.0,0,0,0,0.5,0.5,0.05,-0.5,-0.5,WOL
3,14:00 ,4,Sun,Home,W,1,0,Fulham,1,14,5,35.7,0.07,0.20,18.4,1,0,0,1.2,1.2,0.09,-0.2,-0.2,WOL
4,20:00 ,5,Mon,Away,W,1,0,Leeds United,1,7,3,42.9,0.14,0.33,16.6,0,0,0,0.5,0.5,0.08,+0.5,+0.5,WOL
5,16:30 ,6,Sun,Home,D,1,1,Newcastle Utd,1,16,4,25.0,0.06,0.25,22.1,0,0,0,0.7,0.7,0.05,+0.3,+0.3,WOL
6,20:00 ,7,Fri,Home,W,2,0,Crystal Palace,2,15,5,33.3,0.13,0.40,18.6,0,0,0,1.3,1.3,0.09,+0.7,+0.7,WOL
7,14:00 ,8,Sun,Away,L,0,1,Leicester City,0,7,2,28.6,0.00,0.00,20.3,1,0,0,0.5,0.5,0.07,-0.5,-0.5,WOL
8,20:00 ,9,Mon,Home,D,1,1,Southampton,1,20,9,45.0,0.05,0.11,15.5,1,0,0,1.9,1.9,0.10,-0.9,-0.9,WOL
9,19:15 ,10,Sun,Away,W,2,1,Arsenal,2,11,5,45.5,0.18,0.40,11.4,0,0,0,1.4,1.4,0.14,+0.6,+0.6,WOL
10,19:15 ,11,Sun,Away,L,0,4,Liverpool,0,9,3,33.3,0.00,0.00,18.3,1,0,0,0.5,0.5,0.05,-0.5,-0.5,WOL
11,12:30 ,12,Sat,Home,L,0,1,Aston Villa,0,16,7,43.8,0.00,0.00,17.4,0,0,0,1.2,1.2,0.07,-1.2,-1.2,WOL
12,18:00 ,13,Tue,Home,W,2,1,Chelsea,2,12,4,33.3,0.17,0.50,21.1,0,0,0,0.5,0.5,0.04,+1.5,+1.5,WOL
13,17:30 ,14,Mon,Away,L,1,2,Burnley,1,14,2,14.3,0.00,0.00,19.6,1,1,1,1.4,0.6,0.04,-0.4,-0.6,WOL
14,19:15 ,15,Sun,Home,D,1,1,Tottenham,1,11,6,54.5,0.09,0.17,16.3,1,0,0,1.0,1.0,0.09,0.0,0.0,WOL
15,20:00 ,16,Tue,Away,L,0,1,Manchester Utd,0,9,5,55.6,0.00,0.00,17.7,0,0,0,0.4,0.4,0.04,-0.4,-0.4,WOL
16,17:30 ,17,Sat,Away,D,3,3,Brighton,2,11,3,27.3,0.09,0.33,17.5,0,1,1,1.7,0.9,0.08,+0.3,+0.1,WOL
17,20:15 ,18,Tue,Home,L,1,2,Everton,1,12,3,25.0,0.08,0.33,19.0,1,0,0,1.0,1.0,0.08,0.0,0.0,WOL
18,12:30 ,19,Sat,Home,L,2,3,West Brom,2,24,7,29.2,0.08,0.29,16.1,1,0,0,2.2,2.2,0.09,-0.2,-0.2,WOL
19,18:00 ,20,Wed,Away,D,0,0,Chelsea,0,4,0,0.0,0.00,,18.9,1,0,0,0.4,0.4,0.10,-0.4,-0.4,WOL
20,15:00 ,21,Sat,Away,L,0,1,Crystal Palace,0,6,4,66.7,0.00,0.00,14.7,0,0,0,0.4,0.4,0.07,-0.4,-0.4,WOL
21,18:00 ,22,Tue,Home,W,2,1,Arsenal,2,11,6,54.5,0.09,0.17,19.6,0,1,1,1.5,0.8,0.07,+0.5,+0.2,WOL
22,14:00 ,23,Sun,Home,D,0,0,Leicester City,0,13,1,7.7,0.00,0.00,16.2,1,0,0,1.9,1.9,0.15,-1.9,-1.9,WOL
23,12:00 ,24,Sun,Away,W,2,1,Southampton,2,9,2,22.2,0.11,0.50,19.5,0,1,1,1.1,0.3,0.04,+0.9,+0.7,WOL
24,20:00 ,25,Fri,Home,W,1,0,Leeds United,0,16,5,31.3,0.00,0.00,22.1,0,0,0,0.7,0.7,0.05,-0.7,-0.7,WOL
25,20:00 ,26,Sat,Away,D,1,1,Newcastle Utd,1,14,4,28.6,0.07,0.25,18.1,0,0,0,1.0,1.0,0.07,0.0,0.0,WOL
26,20:00 ,29,Tue,Away,L,1,4,Manchester City,1,6,1,16.7,0.17,1.00,14.5,0,0,0,0.4,0.4,0.06,+0.6,+0.6,WOL
27,17:30 ,27,Sat,Away,D,0,0,Aston Villa,0,11,2,18.2,0.00,0.00,16.1,0,0,0,1.7,1.7,0.18,-1.7,-1.7,WOL
28,20:00 ,28,Mon,Home,L,0,1,Liverpool,0,10,5,50.0,0.00,0.00,14.3,1,0,0,0.8,0.8,0.08,-0.8,-0.8,WOL
